company,hq_city,scope,round_label,std_round,year,month,amount_m,open_roles,growth_1y,signal,sponsor,sponsor_route,verified,score,apply_url,apply_kind,dealroom_url
Metaview,London,uk,Series C · Oct 2026 · $58.4M,Series C,2026,10,58.41,27,70%,93.37,Metaview Global Ltd,Skilled Worker,True,0.933,https://jobs.ashbyhq.com/metaview/8844ad1c-8cab-4159-9574-07eb5f0eec8a,job,https://app.dealroom.co/companies/metaview_1
Fractile,London,uk,Series C · Aug 2026 · $600.0M,Series C,2026,8,600.0,15,118%,94.97,Fractile Ltd,Skilled Worker,True,0.92,https://job-boards.eu.greenhouse.io/fractile/jobs/4966688101,job,https://app.dealroom.co/companies/fractile
Inforcer,London,uk,Series C · Jul 2026 · $50.0M,Series C,2026,7,50.0,26,48%,93.34,Inforcer Ltd,Global Business Mobility: Senior or Specialist Worker,True,0.89,https://inforcer.teamtailor.com/jobs/8478755-senior-demand-generation-manager,job,https://app.dealroom.co/companies/inforcer
Open Cosmos,Harwell,uk,Series D · Sep 2026 · $346.0M,Series D,2026,9,346.0,16,61%,96,Open Cosmos Limited,Global Business Mobility: Senior or Specialist Worker,True,0.859,https://careers.open-cosmos.com/jobs/5953818-quality-and-product-assurance-manager,job,https://app.dealroom.co/companies/open_cosmos
FNZ,London,uk,Growth · Sep 2026 · $450.0M,Growth,2026,9,450.0,42,5%,83.9,FNZ (UK) Limited,Skilled Worker,True,0.794,https://fnz.wd3.myworkdayjobs.com/en-US/fnz_careers/job/London---United-Kingdom/Client-Director_REQ-17498,job,https://app.dealroom.co/companies/fnz
Volta,London,uk,Series A · Aug 2026 · $225.0M,Series A,2026,8,225.0,49,,59.98,Black Volta Ventures (UK) Limited,Skilled Worker,True,0.76,https://jobs.ashbyhq.com/volta/a6d68824-2169-4fe1-a514-347b596a68c5,job,https://app.dealroom.co/companies/volta_11
Leo Cancer Care,Horley,uk,Series D · Jul 2026 · $65.0M,Series D,2026,7,65.0,14,14%,87.39,Leo Cancer Care,Skilled Worker,True,0.725,https://www.linkedin.com/jobs/view/4466607288/,job,https://app.dealroom.co/companies/leo_cancer_care
Kraken Technology,London,uk,Series B · Jul 2026 · $175.0M,Series B,2026,7,175.0,0,595%,92.93,Kraken Technologies Limited,Skilled Worker,True,0.693,https://www.krakentechnology.com/,site,https://app.dealroom.co/companies/kraken_technology
Basecamp Research,London,uk,Series C · Sep 2026 · $140.0M,Series C,2026,9,140.0,9,26%,89.57,Basecamp Research,Skilled Worker,True,0.677,https://jobs.ashbyhq.com/basecamp-research/5c8e9cb3-f02c-4938-aa8b-8dd4c5fe61ca,job,https://app.dealroom.co/companies/basecamp_research
CityFibre,London,uk,Growth · Jul 2026 · $1.19B,Growth,2026,7,1188.0,14,-7%,65.93,Cityfibre Holdings Ltd,Skilled Worker,True,0.662,https://cityfibre.com/careers/role-bbc36b21-bc8c-4a1b-96f3-b3cfaf523046-data-solution-architect,job,https://app.dealroom.co/companies/cityfibre
Callosum,London,uk,Seed · Aug 2026 · $100.0M,Seed,2026,8,100.0,9,,92.81,Callosum Ltd,Skilled Worker,True,0.628,https://jobs.ashbyhq.com/callosum/4ac29d00-3b3c-4c53-8a1f-1798198f5b30/application,job,https://app.dealroom.co/companies/callosum_1
Greenjets,Bedford,uk,Series A · Jul 2026 · $39.6M,Series A,2026,7,39.6,0,127%,91.92,Greenjets Limited,Skilled Worker,True,0.609,https://greenjets.com,site,https://app.dealroom.co/companies/greenjets
Magentic,London,uk,Series A · Sep 2026 · $18.0M,Series A,2026,9,18.0,10,182%,89.7,Magentic Labs Limited,Skilled Worker,True,0.584,https://www.linkedin.com/jobs/view/4467204058/,job,https://app.dealroom.co/companies/magentic
Valarian,London,uk,Series A · Jul 2026 · $50.0M,Series A,2026,7,50.0,0,38%,88.96,Valarian Technologies Limited,Skilled Worker,True,0.565,https://www.valarian.com,site,https://app.dealroom.co/companies/valarian
Reformed,London,uk,Series A · Jul 2026 · $22.0M,Series A,2026,7,22.0,4,267%,89.06,Evangelical Reformed Church,Tier 2 Ministers of Religion,True,0.525,https://www.linkedin.com/jobs/view/4454060256/,job,https://app.dealroom.co/companies/reformed_1
Nexeon,Sutton Courtenay,uk,Series F+ · Aug 2026 · $132.0M,Series F+,2026,8,132.0,0,15%,91.47,Nexeon Limited,Skilled Worker,True,0.521,https://nexeonglobal.com,site,https://app.dealroom.co/companies/nexeon
Risk Ledger,London,uk,Series B · Jul 2026 · $31.7M,Series B,2026,7,31.68,8,23%,88.56,Risk Ledger Ltd,Skilled Worker,True,0.508,https://www.linkedin.com/jobs/view/4469027451/,job,https://app.dealroom.co/companies/risk_ledger
Cambridge Aerospace,Cambridge,uk,Series C · Aug 2026 · $300.0M,Series C,2026,8,300.0,0,,93.99,Cambridge Aerospace Limited,Skilled Worker,True,0.494,https://www.cambridgeaerospace.com,site,https://app.dealroom.co/companies/cambridge_aerospace
Stability AI,London,uk,Series B · Aug 2026 · $76.0M,Series B,2026,8,76.0,1,1%,76.27,Stability AI Ltd,Skilled Worker,True,0.493,http://stability.ai/careers?gh_jid=4925085101,job,https://app.dealroom.co/companies/stability_ai
Applied Computing,London,uk,Series A · Jul 2026 · $20.0M,Series A,2026,7,20.0,2,132%,93.31,Applied Computing Technologies Ltd.,Skilled Worker,True,0.483,https://appliedcomputing.teamtailor.com/jobs/8259254-senior-product-manager,job,https://app.dealroom.co/companies/applied_computing
Mindgard,London,uk,Series A · Aug 2026 · $30.0M,Series A,2026,8,30.0,2,44%,92.39,MINDGARD LTD,Skilled Worker,True,0.45,https://www.linkedin.com/jobs/view/4443366018/,job,https://app.dealroom.co/companies/mindgard
Uncapped,London,uk,Series C · Aug 2026 · $9.4M,Series C,2026,8,9.37,19,1%,79.62,UNCAPPED LTD,Skilled Worker,True,0.442,https://apply.workable.com/uncapped/j/E5B4F02E2C,job,https://app.dealroom.co/companies/uncapped
FintechOS,London,uk,Series E · Sep 2026 · $28.0M,Series E,2026,9,28.0,10,-4%,68.03,FINTECHOS TECHNOLOGY UK LTD,Skilled Worker,True,0.434,https://www.linkedin.com/jobs/view/4462868075/,job,https://app.dealroom.co/companies/fintechos
Velocity,London,uk,Series A · Jul 2026 · $38.0M,Series A,2026,7,38.0,3,,80.77,Velocity Technology Limited,Skilled Worker,True,0.43,https://jobs.ashbyhq.com/velocity/99fbe06d-f825-4ea2-9916-7d05cf3f04e6/application,job,https://app.dealroom.co/companies/velocit21
Elliptic,London,uk,Growth · Jul 2026 · $0.0M,Growth,2026,7,0.0,17,35%,95.68,Elliptic Enterprises Limited,Skilled Worker,True,0.421,https://jobs.ashbyhq.com/elliptic/f1aef032-6d5d-4a26-a775-775852351b54?embed=js&customCssUrl=https%3A%2F%2Felliptic-assets.ryze.uk%2Fashby-job-board.css,job,https://app.dealroom.co/companies/elliptic
Strike,Colchester,uk,Growth · Sep 2026 · $44.9M,Growth,2026,9,44.88,0,-3%,64.93,Strike Limited,Skilled Worker,True,0.417,http://strike.co.uk,site,https://app.dealroom.co/companies/strike_1_2
Fleek,London,uk,Series B · Jul 2026 · $25.0M,Series B,2026,7,25.0,4,28%,90.03,Fleeko Limited,Skilled Worker,True,0.407,https://jobs.ashbyhq.com/fleek/60b098e5-4af4-4ef9-8aac-b8d0089803d5,job,https://app.dealroom.co/companies/fleek_1_3
Domin,Bristol,uk,Growth · Jul 2026 · $39.6M,Growth,2026,7,39.6,0,5%,78.92,Domin Limited,Skilled Worker,True,0.406,https://domin.com,site,https://app.dealroom.co/companies/domin
Cytix,Evesham,uk,Series A · Aug 2026 · $7.0M,Series A,2026,8,7.0,4,100%,88.64,Cytix Ltd,Skilled Worker,True,0.405,https://www.linkedin.com/jobs/view/4441460100/,job,https://app.dealroom.co/companies/cytix
Alchemab Therapeutics,London,uk,Series C · Jul 2026 · $33.0M,Series C,2026,7,33.0,0,22%,93.18,Alchemab Therapeutics Limited,Skilled Worker,True,0.401,https://alchemab.com/,site,https://app.dealroom.co/companies/alchemab_therapeutics
Marker,London,uk,Seed · Jul 2026 · $13.0M,Seed,2026,7,13.0,0,140%,85.41,CallMarker UK LTD,Skilled Worker,True,0.389,https://marker.page/,site,https://app.dealroom.co/companies/marker_3
Intropy,London,uk,Seed · Jul 2026 · $11.0M,Seed,2026,7,11.0,1,250%,84.96,Intropy AI Ltd,Skilled Worker,True,0.388,https://intropy.ai/careers,job,https://app.dealroom.co/companies/intropy
Sivers Photonics,Glasgow,uk,Bridge · Aug 2026 · $12.0M,Bridge,2026,8,12.0,0,960%,81.94,Sivers Photonics Limited,Skilled Worker,True,0.378,https://www.sivers-semiconductors.com/sivers-photonics/,site,https://app.dealroom.co/companies/sivers_photonics
Axle Energy,London,uk,Series A · Jul 2026 · $25.0M,Series A,2026,7,25.0,0,44%,86.85,Axle Energy Ltd. ,Skilled Worker,True,0.375,http://axle.energy,site,https://app.dealroom.co/companies/axle_energy_1
Meticulous,London,uk,Series A · Jul 2026 · $15.0M,Series A,2026,7,15.0,1,71%,89.92,Meticulous Ai Limited,Skilled Worker,True,0.366,https://www.linkedin.com/jobs/view/4438192368/,job,https://app.dealroom.co/companies/meticulous_1
Azoma,London,uk,Other · Sep 2026 · $0.0M,Other,2026,9,0.0,5,105%,86.22,Azoma Inc,Skilled Worker,True,0.361,https://www.linkedin.com/jobs/view/4469203227/,job,https://app.dealroom.co/companies/azoma_1
Prevalent,London,uk,Series A · Aug 2026 · $22.0M,Series A,2026,8,22.0,4,19%,83.68,Prevalent AI Limited,Global Business Mobility: Senior or Specialist Worker,True,0.358,https://www.linkedin.com/jobs/view/4466863028/,job,https://app.dealroom.co/companies/prevalent
MoA Technology,Oxford,uk,Series C · Jul 2026 · $29.3M,Series C,2026,7,29.3,1,5%,75.01,MoA Technology Ltd,Skilled Worker,True,0.334,https://www.moa-technology.com/news/student-intern,job,https://app.dealroom.co/companies/moa_technology
Arrakis,London,uk,Series A · Jul 2026 · $30.4M,Series A,2026,7,30.41,0,,88.64,Arrakis Technologies Limited,Skilled Worker,True,0.332,https://arrakis.tech,site,https://app.dealroom.co/companies/arrakis_tech
Advanced Electric Machines,Sunderland,uk,Series B · Jul 2026 · $21.0M,Series B,2026,7,21.0,3,13%,86.53,Advanced Electric Machines Limited,Skilled Worker,True,0.325,https://advancedelectricmachines.bamboohr.com/careers/99,job,https://app.dealroom.co/companies/advanced_electric_machines
DITTO Daily,,uk,Seed · Jul 2026 · $6.0M,Seed,2026,7,6.0,0,150%,75.84,Ditto Daily Ltd,Skilled Worker,True,0.324,https://dittodaily.com,site,https://app.dealroom.co/companies/ditto_daily
Strathberry,Edinburgh,uk,Growth · Sep 2026 · $0.0M,Growth,2026,9,0.0,14,12%,77.61,Strathberry Limited,Skilled Worker,True,0.312,https://www.linkedin.com/jobs/view/4470093935/,job,https://app.dealroom.co/companies/strathberry
HelmGuard,London,uk,Seed · Sep 2026 · $7.3M,Seed,2026,9,7.3,0,175%,51.54,HELMGUARD TECHNOLOGIES UK LIMITED,Skilled Worker,True,0.31,https://helmguard.ai,site,https://app.dealroom.co/companies/helmguard
Frog,London,uk,Growth · Jul 2026 · $0.0M,Growth,2026,7,0.0,0,100%,90.14,Blue Frog Scientific Limited,Skilled Worker,True,0.29,https://thefr.app,site,https://app.dealroom.co/companies/frog_1_3
TidalSense,Cambridge,uk,Series B · Jul 2026 · $21.1M,Series B,2026,7,21.12,4,6%,47.24,TidalSense Ltd,Skilled Worker,True,0.289,https://www.linkedin.com/jobs/view/4399257285/,job,https://app.dealroom.co/companies/tidalsense_1
iGii,Stirling,uk,Series B · Sep 2026 · $15.4M,Series B,2026,9,15.44,7,-4%,66.68,Integrated Graphene Ltd T/A iGii,Skilled Worker,True,0.288,https://integratedgraphene.bamboohr.com/careers/105,job,https://app.dealroom.co/companies/integrated_graphene
Magic,Chigwell,uk,Series A · Sep 2026 · $11.0M,Series A,2026,9,11.0,3,31%,89.25,Ali Baba Magic Ltd,Skilled Worker,True,0.284,https://apply.workable.com/magic-careers/j/0DE93F534C,job,https://app.dealroom.co/companies/magic_1_19
Siguru AI,Sheffield,uk,Seed · Sep 2026 · $0.0M,Seed,2026,9,0.0,0,500%,84.1,Siguru AI,Skilled Worker,True,0.284,http://siguru.ai,site,https://app.dealroom.co/companies/siguru_ai
Finster AI,London,uk,Series A · Aug 2026 · $0.0M,Series A,2026,8,0.0,0,96%,90.68,"Finster AI, UK",Skilled Worker,True,0.283,https://www.finster.ai,site,https://app.dealroom.co/companies/finster_ai
Mantic,London,uk,Seed · Sep 2026 · $25.0M,Seed,2026,9,25.0,0,,76.43,Mantic Technologies Limited,Skilled Worker,True,0.276,https://www.mantic.com/,site,https://app.dealroom.co/companies/mantic
Benford,London,uk,Seed · Sep 2026 · $5.5M,Seed,2026,9,5.5,12,,47.58,BENFORD TECHNOLOGIES LIMITED,Skilled Worker,True,0.272,https://careers.benford.tech/en/positions/audit-partner-fr,job,https://app.dealroom.co/companies/benford
CloudNC,London,uk,Series C · Sep 2026 · $20.0M,Series C,2026,9,20.0,3,-4%,70.93,CloudNC Ltd,Skilled Worker,True,0.267,https://cloudnc.careers.hibob.com/jobs/2b7ccca7-4288-4a22-84ae-6e15695086de,job,https://app.dealroom.co/companies/cloudnc_1
MOTH,London,uk,Series A · Jul 2026 · $14.5M,Series A,2026,7,14.52,2,17%,81.37,Moth Limited,Skilled Worker,True,0.261,https://www.linkedin.com/jobs/view/4446639825/,job,https://app.dealroom.co/companies/moth_
Medly AI,London,uk,Series A · Aug 2026 · $8.0M,Series A,2026,8,8.0,8,0%,59.76,Medly AI Limited,Skilled Worker,True,0.244,https://www.linkedin.com/jobs/view/4460818674/,job,https://app.dealroom.co/companies/medly_ai
Alfa,London,uk,Seed · Aug 2026 · $1.3M,Seed,2026,8,1.32,5,33%,76.09,Alfa Autos Ltd,Skilled Worker,True,0.228,https://www.linkedin.com/jobs/view/4359160182/,job,https://app.dealroom.co/companies/welovealfa
Alfa,London,uk,Seed · Aug 2026 · $1.3M,Seed,2026,8,1.32,5,33%,76.09,Alfa Autos Ltd,Skilled Worker,True,0.228,https://www.linkedin.com/jobs/view/4359160182/,job,https://app.dealroom.co/companies/welovealfa
connective3,Leeds,uk,Growth · Jul 2026 · $0.0M,Growth,2026,7,0.0,2,56%,78.03,connective3 Ltd,Skilled Worker,True,0.221,https://connective3.teamtailor.com/jobs/8443027-organic-search-strategist,job,https://app.dealroom.co/companies/connective3
Velocity,London,uk,Series A · Sep 2026 · $10.0M,Series A,2026,9,10.0,3,,80.77,Velocity Technology Limited,Skilled Worker,True,0.206,https://jobs.ashbyhq.com/velocity/99fbe06d-f825-4ea2-9916-7d05cf3f04e6/application,job,https://app.dealroom.co/companies/velocit21
Quartz,London,uk,Seed · Sep 2026 · $3.6M,Seed,2026,9,3.63,4,20%,74.68,Classic Quartz Stone Ltd,Skilled Worker,True,0.204,https://myquartz.ai/careers/ai-engineer,job,https://app.dealroom.co/companies/quartz_6
Cue,London,uk,Series A · Jul 2026 · $5.0M,Series A,2026,7,5.0,2,25%,84.17,Cuerden Management Ltd,Skilled Worker,True,0.204,https://www.linkedin.com/jobs/view/4373537486/,job,https://app.dealroom.co/companies/cue_4
Triver,London,uk,Series B · Sep 2026 · $10.6M,Series B,2026,9,10.56,1,7%,87.7,Triver Ltd,Skilled Worker,True,0.201,https://www.linkedin.com/jobs/view/4438591981/,job,https://app.dealroom.co/companies/triver
Naked Energy,Crawley,uk,Series C · Aug 2026 · $11.8M,Series C,2026,8,11.8,0,8%,89.14,Naked Energy Limited,Skilled Worker,True,0.199,https://nakedenergy.com/,site,https://app.dealroom.co/companies/naked_energy
Whering Ltd,London,uk,Seed · Jul 2026 · $7.0M,Seed,2026,7,7.0,0,29%,84.91,Wearing Ltd,Skilled Worker,True,0.198,https://www.whering.co.uk/,site,https://app.dealroom.co/companies/whering
Metris energy,London,uk,Seed · Sep 2026 · $5.0M,Seed,2026,9,5.0,0,36%,83.56,Metris Energy Ltd,Skilled Worker,True,0.195,https://www.metrisenergy.com,site,https://app.dealroom.co/companies/metris_energy
geoSurge,London,uk,Seed · Jul 2026 · $12.4M,Seed,2026,7,12.41,0,,88.42,GEOSURGE LIMITED,Skilled Worker,True,0.188,https://geosurge.ai,site,https://app.dealroom.co/companies/geosurge
TRIP,London,uk,Growth · Sep 2026 · $0.0M,Growth,2026,9,0.0,3,23%,91.76,TRIP LIMITED,Skilled Worker,True,0.184,https://careers.drink-trip.com/jobs/8384426-senior-national-account-manager-grocery,job,https://app.dealroom.co/companies/trip
Regenerus Limited,Edinburgh,uk,Growth · Jul 2026 · $10.6M,Growth,2026,7,10.56,0,13%,73.86,Regen,Skilled Worker,True,0.184,https://regeneruslabs.me,site,https://app.dealroom.co/companies/regenerus_limited_1
IntelliSense.io,Cambridge,uk,Growth · Sep 2026 · $0.0M,Growth,2026,9,0.0,8,-3%,65.47,Intellisense.io,Skilled Worker,True,0.179,https://www.linkedin.com/jobs/view/4467879042/,job,https://app.dealroom.co/companies/intellisense_io
Rad Propulsion,Fareham,uk,Series A · Jul 2026 · $5.8M,Series A,2026,7,5.81,1,17%,81.03,RAD Propulsion Ltd,Skilled Worker,True,0.176,https://www.linkedin.com/jobs/view/4441219167/,job,https://app.dealroom.co/companies/rad_propulsion
Extended,London,uk,Series A · Jul 2026 · $12.5M,Series A,2026,7,12.5,0,0%,74.09,EXTENDED LIMITED,Skilled Worker,True,0.174,https://extended.exchange/,site,https://app.dealroom.co/companies/extended_3
StandardX,London,uk,Seed · Sep 2026 · $13.2M,Seed,2026,9,13.2,3,,22,StandardX,Skilled Worker,True,0.173,https://careers.standardx.tech/jobs/8108761-mechanical-engineer-accelerators,job,https://app.dealroom.co/companies/standardx
DIADEM,London,uk,Growth · Aug 2026 · $0.0M,Growth,2026,8,0.0,0,43%,83.26,DIADEMS DAY NURSERY,Skilled Worker,True,0.169,http://diademdx.com,site,https://app.dealroom.co/companies/diadem_dx
Zeal,London,uk,Series A · Sep 2026 · $10.0M,Series A,2026,9,10.0,0,2%,78.59,Air New Zealand Limited,Skilled Worker,True,0.163,https://getzeal.io,site,https://app.dealroom.co/companies/zeal_2
Nexcade,London,uk,Seed · Jul 2026 · $6.0M,Seed,2026,7,6.0,2,,83.72,Nexcade AI Limited,Skilled Worker,True,0.162,https://nexcade.ai/careers#open-roles,job,https://app.dealroom.co/companies/nexcade
Ride Therapeutics,Cambridge,uk,Seed · Sep 2026 · $8.0M,Seed,2026,9,8.0,0,10%,75.83,Ride Therapeutics Limited,Skilled Worker,True,0.16,https://ridetherapeutics.com,site,https://app.dealroom.co/companies/ride_therapeutics
Platter,London,uk,Seed · Aug 2026 · $0.0M,Seed,2026,8,0.0,1,40%,62.09,Copper Platter Limited T/A Hitchki,Skilled Worker,True,0.157,https://www.linkedin.com/jobs/view/4438173843/,job,https://app.dealroom.co/companies/weareplatter
Orchestra,London,uk,Seed · Sep 2026 · $3.3M,Seed,2026,9,3.3,0,24%,81.83,Orchestra Technologies Limited,Skilled Worker,True,0.155,http://getorchestra.io,site,https://app.dealroom.co/companies/orchestra_3
Gradient Sports,Winterbourne,uk,Seed · Aug 2026 · $15.2M,Seed,2026,8,15.25,0,,24.33,Gradient Sports Europe Limited,Skilled Worker,True,0.146,http://gradientsports.com,site,https://app.dealroom.co/companies/gradient_sports
Pixel-Flo,Sheffield,uk,Seed · Jul 2026 · $6.9M,Seed,2026,7,6.93,0,,81.18,Pi,Skilled Worker,True,0.137,http://pixel-flo.com,site,https://app.dealroom.co/companies/pixel_flo
Rightcharge,London,uk,Seed · Sep 2026 · $0.7M,Seed,2026,9,0.66,1,19%,76.4,Rightcharge Limited ,Skilled Worker,True,0.134,https://www.linkedin.com/jobs/view/4432560401/,job,https://app.dealroom.co/companies/rightcharge
Productive Machines,Rotherham,uk,Seed · Sep 2026 · $1.7M,Seed,2026,9,1.72,3,6%,62.17,Productive Machines Limited,Skilled Worker,True,0.133,https://www.linkedin.com/jobs/view/4458167447/,job,https://app.dealroom.co/companies/productive_machines
Kita,Worcester,uk,Other · Aug 2026 · $0.0M,Other,2026,8,0.0,0,21%,87.91,Kita Earth Limited,Skilled Worker,True,0.13,https://www.kita.earth/,site,https://app.dealroom.co/companies/kita
PolyBox,Newcastle upon Tyne,uk,Pre-Seed · Jul 2026 · $0.9M,Pre-Seed,2026,7,0.92,1,10%,83.43,PolyBox Solutions,Skilled Worker,True,0.126,https://www.linkedin.com/jobs/view/4439783674/,job,https://app.dealroom.co/companies/polybox_
Zenithon AI,Axbridge,uk,Seed · Sep 2026 · $10.0M,Seed,2026,9,10.0,0,,42.39,Zenithon AI Ltd,Skilled Worker,True,0.122,https://zenithon.ai/,site,https://app.dealroom.co/companies/zenithon_ai
Wellfish Tech,Paisley,uk,Other · Aug 2026 · $0.0M,Other,2026,8,0.0,0,19%,80.63,WellFish Tech Ltd,Skilled Worker,True,0.118,https://wellfishtech.com,site,https://app.dealroom.co/companies/wellfish_diagnostics
Souk,London,uk,Seed · Sep 2026 · $1.6M,Seed,2026,9,1.6,2,,71.29,Souk & Savour Ltd T/A Rahmath,Skilled Worker,True,0.114,https://joinsouk.com/careers/product-engineer,job,https://app.dealroom.co/companies/souk_
Occam,London,uk,Series A · Sep 2026 · $4.2M,Series A,2026,9,4.18,0,,79.22,Occam Biosciences Limited,Skilled Worker,True,0.113,https://occamindustries.ltd,site,https://app.dealroom.co/companies/occam1
Codio,London,uk,Seed · Aug 2026 · $5.0M,Seed,2026,8,5.0,0,0%,73.24,Codio Ltd,Skilled Worker,True,0.113,https://www.codio.com,site,https://app.dealroom.co/companies/codio
National Learning Group,,uk,Other · Jul 2026 · $0.0M,Other,2026,7,0.0,5,1%,34.17,National Learning Group,Skilled Worker,True,0.111,https://www.linkedin.com/jobs/view/4470447126/,job,https://app.dealroom.co/companies/national_learning_group
Alfred,London,uk,Seed · Aug 2026 · $6.6M,Seed,2026,8,6.6,0,,51.89,Alfred and Victoria Ltd,Skilled Worker,True,0.105,https://alfred.co.uk,site,https://app.dealroom.co/companies/alfred_17
Prolo,London,uk,Seed · Jul 2026 · $5.5M,Seed,2026,7,5.54,4,,,Prolog Fulfilment Ltd,Skilled Worker,True,0.104,https://www.linkedin.com/jobs/view/4465512737/,job,https://app.dealroom.co/companies/prolo_1
Rig,London,uk,Seed · Jul 2026 · $2.8M,Seed,2026,7,2.8,0,,75.9,AML RightSource Limited,Skilled Worker,True,0.098,https://rig.so,site,https://app.dealroom.co/companies/rig_1
Noggin HQ,Newcastle upon Tyne,uk,Seed · Aug 2026 · $3.0M,Seed,2026,8,3.04,0,0%,71.81,Noggin HQ LTD,Skilled Worker,True,0.096,https://nogginhq.com/,site,https://app.dealroom.co/companies/nogginhq
Advancing Analytics,London,uk,Growth · Aug 2026 · $0.0M,Growth,2026,8,0.0,3,,45.69,Advancing Analytics Ltd,Skilled Worker,True,0.091,https://careers.advancinganalytics.co.uk/jobs/8454705-people-advisor,job,https://app.dealroom.co/companies/advancing_analytics
ZILO,London,uk,Other · Aug 2026 · $0.0M,Other,2026,8,0.0,1,-1%,76.53,ZILO Technology Limited,Skilled Worker,True,0.089,https://apply.workable.com/zilo-1/j/84AE485946,job,https://app.dealroom.co/companies/zilo
Big Picture Bio,Brentwood,uk,Seed · Sep 2026 · $2.0M,Seed,2026,9,1.98,0,,68.72,Pi,Skilled Worker,True,0.085,https://bigpicturebio.com,site,https://app.dealroom.co/companies/big_picture_bio
Adaptavate,Emersons Green,uk,Series A · Sep 2026 · $5.3M,Series A,2026,9,5.28,0,-12%,64.13,Adaptavate Ltd,Skilled Worker,True,0.081,http://adaptavate.com,site,https://app.dealroom.co/companies/adaptavate
Sorted,London,uk,Seed · Aug 2026 · $1.2M,Seed,2026,8,1.21,0,0%,71.22,Payroll Sorted Ltd,Skilled Worker,True,0.081,https://www.sortedtech.io/,site,https://app.dealroom.co/companies/sorted_3
Wematch,London,uk,Growth · Sep 2026 · $0.0M,Growth,2026,9,0.0,2,-6%,62.2,Wematch.Live FS Ltd,Skilled Worker,True,0.08,https://wematch.live/job-postings/buy-side-sales-americas,job,https://app.dealroom.co/companies/wematch_live
Furbnow,Birmingham,uk,Seed · Jul 2026 · $3.3M,Seed,2026,7,3.3,1,-12%,64.04,FF Furbnow,Skilled Worker,True,0.08,https://honored-topaz-4c0.notion.site/furbnow-jobs,job,https://app.dealroom.co/companies/furbnow
Academy of Robotics,Cardiff,uk,Seed · Sep 2026 · $0.1M,Seed,2026,9,0.13,0,0%,76.8,Academy of Robotics Ltd,Skilled Worker,True,0.078,http://www.academyofrobotics.co.uk,site,https://app.dealroom.co/companies/academy_of_robotics
Ardgowan,Edinburgh,uk,Series A · Jul 2026 · $1.4M,Series A,2026,7,1.41,0,0%,66.67,Ardgowan Hospice Ltd,Skilled Worker,True,0.078,https://ardgowandistillery.com,site,https://app.dealroom.co/companies/ardgowan
Benivo,London,uk,Other · Jul 2026 · $0.0M,Other,2026,7,0.0,2,-9%,63.52,Benivo,Skilled Worker,True,0.076,https://apply.workable.com/benivo/j/79B1566E0A,job,https://app.dealroom.co/companies/benivo
Hydra,Southampton,uk,Growth · Jul 2026 · $0.0M,Growth,2026,7,0.0,0,0%,76.27,Edbro Hydraulics Limited,Skilled Worker,True,0.076,http://hydradrones.com,site,https://app.dealroom.co/companies/hydra_1_5
Greenhouse OS,York,uk,Seed · Jul 2026 · $1.2M,Seed,2026,7,1.19,0,,65.5,Greenhouse OS Ltd,Skilled Worker,True,0.075,https://greenhouseos.com,site,https://app.dealroom.co/companies/greenhouse_os
Cloud Cycle,,uk,Other · Sep 2026 · $0.0M,Other,2026,9,0.0,0,0%,73.77,Cloud Cycle Ltd,Skilled Worker,True,0.074,http://cloudcycle.com,site,https://app.dealroom.co/companies/cloud_cycle
Dalston's,London,uk,Other · Jul 2026 · $0.0M,Other,2026,7,0.0,1,0%,55.67,Dalston's Soda Company Ltd,Skilled Worker,True,0.071,https://www.linkedin.com/jobs/view/4455706134/,job,https://app.dealroom.co/companies/dalston_s
PeptiMatrix,Nottingham,uk,Seed · Jul 2026 · $0.2M,Seed,2026,7,0.16,0,0%,67.69,Peptimatrix Limited ,Skilled Worker,True,0.069,http://www.peptimatrix.com,site,https://app.dealroom.co/companies/peptimatrix
TOGL,Lancaster,uk,Seed · Sep 2026 · $1.1M,Seed,2026,9,1.12,0,,54.48,TOGL (HOLDINGS) LIMITED,Skilled Worker,True,0.063,https://www.togl.co,site,https://app.dealroom.co/companies/togl
CSignum,Bathgate,uk,Series A · Sep 2026 · $3.4M,Series A,2026,9,3.43,0,-4%,39.8,CSignum Ltd,Skilled Worker,True,0.06,http://csignum.com,site,https://app.dealroom.co/companies/csignum
ViaNautis Bio,Cambridge,uk,Other · Sep 2026 · $0.0M,Other,2026,9,0.0,0,0%,57.68,ViaNautis Bio Limited,Skilled Worker,True,0.058,https://vianautis.com/,site,https://app.dealroom.co/companies/somaserve
visible,London,uk,Pre-Seed · Aug 2026 · $0.7M,Pre-Seed,2026,8,0.65,0,0%,51.86,Invisible Connections Ltd,Skilled Worker,True,0.057,http://visible.cx,site,https://app.dealroom.co/companies/visible_cx
Magnitude Biosciences,Durham,uk,Seed · Sep 2026 · $1.7M,Seed,2026,9,1.72,0,-10%,61.16,Magnitude Biosciences Limited,Skilled Worker,True,0.056,https://magnitudebiosciences.com,site,https://app.dealroom.co/companies/magnitude_biosciences
Applied Agi,London,uk,Seed · Sep 2026 · $4.0M,Seed,2026,9,3.96,0,,22,Applied AGI Limited,Skilled Worker,True,0.054,http://appliedagi.com,site,https://app.dealroom.co/companies/applied_agi
Eterna Regeneratives,London,uk,Seed · Sep 2026 · $4.0M,Seed,2026,9,4.0,0,,22.33,Regen,Skilled Worker,True,0.054,https://eternaregeneratives.co/,site,https://app.dealroom.co/companies/eterna_regeneratives
Black Cat Building Consultancy,Manchester,uk,Growth · Jul 2026 · $0.0M,Growth,2026,7,0.0,0,,53.66,Black Cat Building Consultancy Limited,Skilled Worker,True,0.054,http://bcconsultancy.co.uk,site,https://app.dealroom.co/companies/black_cat_building_consultancy
RunPilot,Sheffield,uk,Seed · Sep 2026 · $0.2M,Seed,2026,9,0.18,0,,45.91,Pi,Skilled Worker,True,0.047,https://www.runpilot.io/,site,https://app.dealroom.co/companies/runpilot_1
Reimagine Robotics,London,uk,Seed · Aug 2026 · $0.0M,Seed,2026,8,0.0,0,,45.95,Reimagine Robotics Limited,Skilled Worker,True,0.046,http://reimaginerobotics.ai,site,https://app.dealroom.co/companies/reimagine_robotics
Advanced Healthcare Technology Ltd.,Hertford,uk,Other · Aug 2026 · $0.0M,Other,2026,8,0.0,0,0%,41.08,Advanced Healthcare Ltd,Global Business Mobility: Senior or Specialist Worker,True,0.041,http://babypod.com,site,https://app.dealroom.co/companies/advanced_healthcare_technology_ltd_
IMS Solutions,Solihull,uk,Seed · Sep 2026 · $1.4M,Seed,2026,9,1.45,0,,21.67,AIMS Solutions UK Limited,Skilled Worker,True,0.033,https://intelligentmassspec.com/,site,https://app.dealroom.co/companies/ims_solutions
Blackhall & Powis,Glasgow,uk,Seed · Aug 2026 · $1.4M,Seed,2026,8,1.4,0,,21.33,Blackhall Powis ,Skilled Worker,True,0.033,https://www.blackhallpowis.com,site,https://app.dealroom.co/companies/blackhall_powis
Nanomerics,London,uk,Series A · Sep 2026 · $0.0M,Series A,2026,9,0.0,0,0%,28.33,Nanomerics Ltd,Skilled Worker,True,0.028,http://nanomerics.com,site,https://app.dealroom.co/companies/nanomerics
Novum Studio,London,uk,Other · Jul 2026 · $0.0M,Other,2026,7,0.0,0,,23,Novum Studio Ltd ,Skilled Worker,True,0.023,https://www.novumstudio.com,site,https://app.dealroom.co/companies/novum_studio
EcoNomad Solutions,London,uk,Pre-Seed · Aug 2026 · $0.5M,Pre-Seed,2026,8,0.53,0,-17%,48.11,ECONOMAD SOLUTIONS LTD.,Skilled Worker,True,0.019,https://economad.co.uk/,site,https://app.dealroom.co/companies/economad_solutions
LATO,London,uk,Seed · Sep 2026 · $0.1M,Seed,2026,9,0.12,0,,,ANITA GELATO LONDON LTD,Skilled Worker,True,0.001,http://latolabs.io,site,https://app.dealroom.co/companies/lato_2
Shift Partner Ltd,London,uk,Other · Aug 2026 · $0.0M,Other,2026,8,0.0,0,0%,,Shift Partner Limited,Skilled Worker,True,0.0,http://shiftpartner.com,site,https://app.dealroom.co/companies/shift_partner_ltd
Beta Bugs,Edinburgh,uk,Seed · Aug 2026 · $1.1M,Seed,2026,8,1.06,0,-37%,56.95,Beta Bugs,Skilled Worker,True,-0.008,https://www.betabugs.uk,site,https://app.dealroom.co/companies/beta_bugs
Maiden,High Wycombe,uk,Other · Aug 2026 · $0.1M,Other,2026,8,0.07,0,-10%,1.2,Cordwallis Commercials (Maidenhead) Limited,Skilled Worker,True,-0.018,http://maiden.global,site,https://app.dealroom.co/companies/maiden
Dwelly,London,uk,Series B · Jul 2026 · $95.0M,Series B,2026,7,95.0,48,125%,94.9,Dwell Homecare Limited,Skilled Worker,False,0.995,https://job-boards.eu.greenhouse.io/dwelly/jobs/4983135101,job,https://app.dealroom.co/companies/dwelly_
ElevenLabs,London,uk,Series E · Sep 2026 · $500.0M,Series E,2026,9,500.0,186,83%,96.95,Eleven Labs Ltd,Skilled Worker,False,0.963,https://jobs.ashbyhq.com/elevenlabs/70abac80-024e-4233-a7dc-667697f66976,job,https://app.dealroom.co/companies/elevenlabs_1
Flow Engineering,London,uk,Series B · Sep 2026 · $50.0M,Series B,2026,9,50.0,22,71%,89.78,24 Seven Civil Engineering Ltd,Skilled Worker,False,0.933,https://jobs.ashbyhq.com/flowengineering/a32abffc-0611-4d92-ae9b-da99ea3fed43,job,https://app.dealroom.co/companies/flow_engineering
Humanoid,London,uk,Series A · Jul 2026 · $152.0M,Series A,2026,7,152.0,93,61%,93.91,Humaz,Skilled Worker,False,0.916,https://jobs.ashbyhq.com/humanoid/9528d281-080c-4586-a5c1-d05a5ddf4081?embed=js,job,https://app.dealroom.co/companies/humanoid_2
Jack & Jill,London,uk,Series A · Sep 2026 · $40.0M,Series A,2026,9,40.0,39,88%,94.24, BW Refrigeration & Air Conditioning Limited,Skilled Worker,False,0.891,https://jobs.ashbyhq.com/jack-jill-external-ats/eede08e2-4dd0-48f9-8558-6ad8b98664d5,job,https://app.dealroom.co/companies/jack_and_jill
Draig Therapeutics,Cardiff,uk,Series B · Jul 2026 · $65.0M,Series B,2026,7,65.0,3,55%,93.35,Accession Therapeutics Limited,Skilled Worker,False,0.649,https://www.linkedin.com/jobs/view/4435809206/,job,https://app.dealroom.co/companies/draig_therapeutics
ARC Ride,London,uk,Series A · Sep 2026 · $33.3M,Series A,2026,9,33.3,0,84%,88.67,ARC & SONS HOLDINGS LIMITED,Skilled Worker,False,0.522,https://arcrideglobal.com,site,https://app.dealroom.co/companies/arc_ride
CellPoint Digital,London,uk,Growth · Sep 2026 · $34.0M,Growth,2026,9,34.0,11,2%,72.7,A J Digital Management Ltd,Skilled Worker,False,0.513,https://www.linkedin.com/jobs/view/4464793847/,job,https://app.dealroom.co/companies/cellpoint_digital
Street Group,Manchester,uk,Series A · Jul 2026 · $9.2M,Series A,2026,7,9.24,18,29%,77.7,101 Harley Street LTD,Skilled Worker,False,0.48,https://www.linkedin.com/jobs/view/4465382484/,job,https://app.dealroom.co/companies/street_group
10x Banking,London,uk,Series E · Aug 2026 · $52.8M,Series E,2026,8,52.8,0,-6%,68.49,10X Banking Technology Services Ltd,Skilled Worker,False,0.457,https://www.10xbanking.com/,site,https://app.dealroom.co/companies/10x_future_technologies
StirlingX,London,uk,Series A · Jul 2026 · $19.9M,Series A,2026,7,19.93,0,529%,90.25,Bioscript Stirling,Skilled Worker,False,0.45,https://stirlingx.io,site,https://app.dealroom.co/companies/stirlingx
GALLOS Technologies,London,uk,Other · Aug 2026 · $50.0M,Other,2026,8,50.0,0,-12%,66.17,4 Net Technologies LTD (t/a FourNet),Skilled Worker,False,0.443,http://gallostech.io,site,https://app.dealroom.co/companies/gallos_technologies
KAO Data,,uk,Growth · Jul 2026 · $0.0M,Growth,2026,7,0.0,9,82%,89.3,AD Data Analytics Ltd,Skilled Worker,False,0.387,https://www.linkedin.com/jobs/view/4470276948/,job,https://app.dealroom.co/companies/kao_data_campus
KVector,Bristol,uk,Seed · Sep 2026 · $5.0M,Seed,2026,9,5.02,3,100%,84.53,Vector Bioscience Cambridge Ltd,Skilled Worker,False,0.37,https://kvector.bamboohr.com/careers/25,job,https://app.dealroom.co/companies/kvector
Gridcog,London,uk,Series A · Jul 2026 · $12.5M,Series A,2026,7,12.5,11,3%,78.32,Gridcore Solutions Limited,Skilled Worker,False,0.35,https://apply.workable.com/gridcog/j/C3A46C6FBE,job,https://app.dealroom.co/companies/gridcognition
Urban Zoo,Warrington,uk,Growth · Jul 2026 · $26.4M,Growth,2026,7,26.4,0,26%,79.94,All Urban Limited,Skilled Worker,False,0.344,http://urbanzoo.io,site,https://app.dealroom.co/companies/urban_zoo
SCI Semiconductor,Sheffield,uk,Series A · Sep 2026 · $6.6M,Series A,2026,9,6.6,0,167%,87.25,Alpha and Omega Semiconductor (UK) Limited ,Global Business Mobility: Senior or Specialist Worker,False,0.34,https://scisemi.com,site,https://app.dealroom.co/companies/sci_semiconductor
Renata Medical,Bristol,uk,Series D · Aug 2026 · $25.0M,Series D,2026,8,25.0,0,21%,87.72,23MD Medical Services Ltd ,Skilled Worker,False,0.329,http://renatamedical.com,site,https://app.dealroom.co/companies/renata_medical
Sprive,London,uk,Series A · Sep 2026 · $10.2M,Series A,2026,9,10.16,1,60%,88.83,Sriven Solutions Limited,Skilled Worker,False,0.305,https://www.linkedin.com/jobs/view/4445458646/,job,https://app.dealroom.co/companies/sprive
Strand Intelligence,Warrington,uk,Seed · Jul 2026 · $1.3M,Seed,2026,7,1.32,1,400%,78.83,Activate Intelligence Limited,Skilled Worker,False,0.304,https://www.linkedin.com/jobs/view/4442708354/,job,https://app.dealroom.co/companies/strand_intelligence
Dogtooth Technologies,Melbourn,uk,Series C · Jul 2026 · $18.5M,Series C,2026,7,18.48,5,-2%,81.77,4 Net Technologies LTD (t/a FourNet),Skilled Worker,False,0.301,https://dogtooth.tech/2026/08/20/robotics-software-engineer,job,https://app.dealroom.co/companies/dogtooth_technologies
European Technology Network,London,uk,Seed · Jul 2026 · $1.6M,Seed,2026,7,1.6,0,650%,80.75, Rotamat Limited trading as Huber Technology ,Skilled Worker,False,0.294,http://etnshow.co,site,https://app.dealroom.co/companies/european_technology_network
Silvia Bio,Sheffield,uk,Seed · Jul 2026 · $0.2M,Seed,2026,7,0.16,0,500%,83.62,AAVantgarde Bio UK Ltd,Skilled Worker,False,0.285,https://silviabio.com,site,https://app.dealroom.co/companies/silvia_bio_1
Saible,Birmingham,uk,Seed · Jul 2026 · $3.8M,Seed,2026,7,3.83,0,88%,76.95,Sable Collection Ltd,Skilled Worker,False,0.283,http://saible.co.uk,site,https://app.dealroom.co/companies/saible
PHAsT,Sheffield,uk,Pre-Seed · Jul 2026 · $0.7M,Pre-Seed,2026,7,0.66,0,100%,77.16,PHAT BEAUTY LTD,Skilled Worker,False,0.282,http://phast-tech.com,site,https://app.dealroom.co/companies/phast_1
Something & Nothing,London,uk,Seed · Sep 2026 · $6.4M,Seed,2026,9,6.4,5,15%,81.84, BW Refrigeration & Air Conditioning Limited,Skilled Worker,False,0.239,https://www.linkedin.com/jobs/view/4469225453/,job,https://app.dealroom.co/companies/something_nothing
Chiron Digital Health,London,uk,Seed · Jul 2026 · $1.2M,Seed,2026,7,1.19,0,75%,76.26,17th Century Health Food Limited,Skilled Worker,False,0.236,https://chironai.co,site,https://app.dealroom.co/companies/chiron_digital_health
Bondio,London,uk,Series A · Jul 2026 · $7.5M,Series A,2026,7,7.5,0,44%,84.97,Bondi Sands,Skilled Worker,False,0.234,http://bondio.co,site,https://app.dealroom.co/companies/bondio
JammJar,London,uk,Seed · Sep 2026 · $0.0M,Seed,2026,9,0.0,0,80%,72.14,JamJar Management LLP,Skilled Worker,False,0.232,http://jammjar.com,site,https://app.dealroom.co/companies/jammjar
Ki 13,Cambridge,uk,Seed · Sep 2026 · $5.0M,Seed,2026,9,5.0,0,50%,85.89,13 Local Limited,Skilled Worker,False,0.226,https://www.ki-13.com/,site,https://app.dealroom.co/companies/ki_13
Yard Ops,Hull,uk,Pre-Seed · Aug 2026 · $0.7M,Pre-Seed,2026,8,0.66,0,75%,70.22,BrewStone Ops Limited,Skilled Worker,False,0.226,http://yard.cloud,site,https://app.dealroom.co/companies/yard_ops
Machine Discovery,Oxford,uk,Series A · Jul 2026 · $9.2M,Series A,2026,7,9.24,0,32%,86.25,Bioascent Discovery Limited,Skilled Worker,False,0.223,https://mach42.ai,site,https://app.dealroom.co/companies/machine_discovery
Soul Padel,,uk,Series A · Sep 2026 · $4.8M,Series A,2026,9,4.75,2,35%,79.52,Cross Court Padel,Skilled Worker,False,0.217,https://www.linkedin.com/jobs/view/4454534051/,job,https://app.dealroom.co/companies/soul_padel
Unit 1 Studio,London,uk,Series A · Sep 2026 · $19.8M,Series A,2026,9,19.8,0,,50.64,1 ACE TRAINING LIMITED,Skilled Worker,False,0.209,https://www.unit1.studio,site,https://app.dealroom.co/companies/unit_1_studio
Luffy AI,Thame,uk,Series A · Jul 2026 · $10.7M,Series A,2026,7,10.69,1,10%,78.36,1001 AI Limited,Skilled Worker,False,0.2,https://www.luffy.ai/jobs,job,https://app.dealroom.co/companies/luffy_ai
Inovus Medical,St Helens,uk,Series B · Sep 2026 · $19.8M,Series B,2026,9,19.8,1,-19%,62.62,23MD Medical Services Ltd ,Skilled Worker,False,0.198,https://inovusmedical.com/careers/product-specialist,job,https://app.dealroom.co/companies/inovus_medical
Ponda,London,uk,Other · Aug 2026 · $1.9M,Other,2026,8,1.85,1,40%,82.59,Pond5 Media Ireland Ltd,Skilled Worker,False,0.192,https://www.linkedin.com/jobs/view/4440253958/,job,https://app.dealroom.co/companies/ponda
Pally,Bexhill-on-Sea,uk,Seed · Aug 2026 · $5.2M,Seed,2026,8,5.2,4,0%,86.87,Brook Street Shop Locally,Skilled Worker,False,0.188,https://pally.com/careers/1002,job,https://app.dealroom.co/companies/pally_2
Nuclear Turbines,Manchester,uk,Series A · Jul 2026 · $19.8M,Series A,2026,7,19.8,0,,23.67,AMS Nuclear Engineering Ltd,Skilled Worker,False,0.182,http://nuclearturbines.com,site,https://app.dealroom.co/companies/nuclear_turbines
The Padel Club,Chester,uk,Series A · Sep 2026 · $4.0M,Series A,2026,9,3.96,0,31%,86.27,1010 Restaurant @ The Blacksmiths arms ,Skilled Worker,False,0.179,http://thepadelclub.co.uk,site,https://app.dealroom.co/companies/the_padel_club
Singular Photonics,Edinburgh,uk,Seed · Aug 2026 · $2.1M,Seed,2026,8,2.15,1,25%,84.46,Duality Quantum Photonics Limited,Skilled Worker,False,0.167,https://www.linkedin.com/jobs/view/4450454298/,job,https://app.dealroom.co/companies/singular_photonics
BOLDR,London,uk,Seed · Aug 2026 · $5.0M,Seed,2026,8,5.0,1,9%,91.98,BODRIGGY PHARMACY LTD,Skilled Worker,False,0.166,https://www.linkedin.com/jobs/view/4452231868/,job,https://app.dealroom.co/companies/boldr_2
Frontier Computing,London,uk,Seed · Sep 2026 · $10.0M,Seed,2026,9,10.0,2,,53.03,Applied Computing Technologies Ltd.,Skilled Worker,False,0.163,https://frontier.site/careers/mts-bio,job,https://app.dealroom.co/companies/frontier_computing
Aflo Analytics,Derry,uk,Seed · Sep 2026 · $1.6M,Seed,2026,9,1.58,0,33%,77.31,Absolutdata Analytics UK Limited,Global Business Mobility: Senior or Specialist Worker,False,0.157,http://afloanalytics.com,site,https://app.dealroom.co/companies/respiratory_analytics
State of Play Hospitality,London,uk,Growth · Aug 2026 · $10.0M,Growth,2026,8,10.0,1,-3%,65.35, HAH Hospitality Limited t/a Indian Affair Ancoats,Skilled Worker,False,0.154,https://www.linkedin.com/jobs/view/4450237616/,job,https://app.dealroom.co/companies/state_of_play_hospitality
Healthxchange Group,London,uk,Growth · Sep 2026 · $0.0M,Growth,2026,9,0.0,10,,,2399098 Ontario Inc o/a MAK Consulting Group,Skilled Worker,False,0.15,https://careers.healthxchange.com/jobs/8464393-assistant-category-manager-medik8,job,https://app.dealroom.co/companies/healthxchange_group
Tenora,London,uk,Series A · Sep 2026 · $9.9M,Series A,2026,9,9.9,0,,69.88,Tenor Tech Limited,Skilled Worker,False,0.149,https://tenora.com,site,https://app.dealroom.co/companies/tenora
Tickets For Good,Sheffield,uk,Series A · Sep 2026 · $5.2M,Series A,2026,9,5.15,0,9%,77.76,Agents For Accounting Ltd,Skilled Worker,False,0.136,https://www.ticketsforgood.com/,site,https://app.dealroom.co/companies/tickets_for_good
Tyred,London,uk,Seed · Jul 2026 · $3.3M,Seed,2026,7,3.3,4,,47.2,Bro Tyre,Skilled Worker,False,0.134,https://tyred.io/careers/sdr-tyred-for-work,job,https://app.dealroom.co/companies/tyred
Evorra,London,uk,Seed · Aug 2026 · $3.2M,Seed,2026,8,3.2,0,13%,77.21,Evorange Limited,Skilled Worker,False,0.129,https://evorra.com/,site,https://app.dealroom.co/companies/evorra
SageTech Medical Equipment,Paignton,uk,Seed · Sep 2026 · $3.3M,Seed,2026,9,3.3,0,11%,77.21,A.K Medical Consultancy Ltd. T/A Cockerton Pharmacy,Skilled Worker,False,0.126,https://sagetechmedical.com,site,https://app.dealroom.co/companies/sagetech_medical_equipment
Mozilla Data Collective,London,uk,Seed · Sep 2026 · $5.0M,Seed,2026,9,5.0,0,,85.06,Automatic Data Processing (ADP) Limited,Skilled Worker,False,0.125,https://mozilladatacollective.com,site,https://app.dealroom.co/companies/mozilla_data_collective
Healome Therapeutics,Birmingham,uk,Seed · Jul 2026 · $2.6M,Seed,2026,7,2.64,0,25%,50.3,Accession Therapeutics Limited,Skilled Worker,False,0.121,https://www.healometx.com/,site,https://app.dealroom.co/companies/healome_therapeutics
52 North,Cambridge,uk,Series A · Sep 2026 · $4.2M,Series A,2026,9,4.22,2,0%,55.92,1265 Degrees North Ltd,Skilled Worker,False,0.12,https://www.linkedin.com/jobs/view/4441970355/,job,https://app.dealroom.co/companies/52_north
AI Score,London,uk,Seed · Sep 2026 · $5.4M,Seed,2026,9,5.4,0,,77.14,1001 AI Limited,Skilled Worker,False,0.12,https://www.aiscore.ai/,site,https://app.dealroom.co/companies/ai_score
AcademyAI,London,uk,Seed · Sep 2026 · $2.2M,Seed,2026,9,2.18,0,,91.92,Adams Academy Inc Ltd,Skilled Worker,False,0.109,https://academyai.co,site,https://app.dealroom.co/companies/academyai
Resolutiion,London,uk,Seed · Sep 2026 · $10.0M,Seed,2026,9,10.0,0,,22,Resolution Care Services Ltd,Skilled Worker,False,0.102,https://resolutiion.com,site,https://app.dealroom.co/companies/resolutiion
OSSPREY,London,uk,Seed · Jul 2026 · $2.6M,Seed,2026,7,2.65,0,,80.62,OSPREYS RUGBY LIMITED,Skilled Worker,False,0.102,https://ossprey.com/,site,https://app.dealroom.co/companies/ossprey
Versatile Robotx,Colchester,uk,Seed · Aug 2026 · $1.3M,Seed,2026,8,1.32,0,,89.11,My Versatile Healthcare LTD,Skilled Worker,False,0.1,https://versatilerobotx.com,site,https://app.dealroom.co/companies/versatile_robotx
Kestrl,London,uk,Other · Aug 2026 · $0.0M,Other,2026,8,0.0,0,10%,78.15,Kestrel Grove Limited,Skilled Worker,False,0.099,https://kestrl.io/,site,https://app.dealroom.co/companies/kestrl
London Quantum Group,London,uk,Seed · Sep 2026 · $1.2M,Seed,2026,9,1.2,3,,43.48,(A1F1 Limited T/A ) Ultrasound Direct London,Skilled Worker,False,0.098,https://www.londonquantumgroup.com/careers/ml-engineer-bratislava,job,https://app.dealroom.co/companies/london_quantum_group
Respiro Diagnostics,Leeds,uk,Seed · Jul 2026 · $1.3M,Seed,2026,7,1.32,0,,87.17,Diagnostics for the Real World (Europe) Ltd,Skilled Worker,False,0.098,http://respirodiagnostics.com,site,https://app.dealroom.co/companies/respiro_diagnostics
Metal Morph,London,uk,Pre-Seed · Aug 2026 · $0.9M,Pre-Seed,2026,8,0.92,0,,89.99,3G Metal Fabrications Limited,Skilled Worker,False,0.097,http://metalmorph.co.uk,site,https://app.dealroom.co/companies/metal_morph
MCatalysis,London,uk,Seed · Sep 2026 · $5.0M,Seed,2026,9,5.0,0,,55.53,Catalysis Communications Ltd,Skilled Worker,False,0.096,https://mcatalysis.com/,site,https://app.dealroom.co/companies/mcatalysis
Sientia,London,uk,Other · Jul 2026 · $0.0M,Other,2026,7,0.0,2,,65.86,Sapentia,Skilled Worker,False,0.096,https://www.linkedin.com/jobs/view/4443324155/,job,https://app.dealroom.co/companies/sientia
Needi,Manchester,uk,Seed · Aug 2026 · $1.3M,Seed,2026,8,1.32,0,7%,69.72,Needham Market Dental practice ,Skilled Worker,False,0.094,https://needigifts.com,site,https://app.dealroom.co/companies/needi
Side Kicks,London,uk,Seed · Aug 2026 · $5.3M,Seed,2026,8,5.28,0,,48.58,At Your Side Care Ltd t/a GoodOaks Homecare - Bedford,Skilled Worker,False,0.091,http://sidekicks.co.uk,site,https://app.dealroom.co/companies/side_kicks
Dimension Biotechnologies,Bristol,uk,Pre-Seed · Sep 2026 · $0.7M,Pre-Seed,2026,9,0.65,0,,81.93,Censo Biotechnologies Ltd trading as Axol Bioscience Ltd,Skilled Worker,False,0.087,https://www.dimensionbio.tech/,site,https://app.dealroom.co/companies/dimension_biotechnologies
Charter Space,London,uk,Seed · Sep 2026 · $5.0M,Seed,2026,9,5.0,0,,45.53,Air Charter Service Plc,Global Business Mobility: Senior or Specialist Worker,False,0.086,http://charter.space,site,https://app.dealroom.co/companies/charter_space_1
Gyre Energy,Oxford,uk,Seed · Jul 2026 · $1.3M,Seed,2026,7,1.3,1,,60.02, Private Energy Partners (UK)  Ltd,Skilled Worker,False,0.085,https://www.linkedin.com/jobs/view/4440963882/,job,https://app.dealroom.co/companies/gyre_energy
Frontier Computing,London,uk,Seed · Jul 2026 · $0.1M,Seed,2026,7,0.12,2,,53.03,Applied Computing Technologies Ltd.,Skilled Worker,False,0.084,https://frontier.site/careers/mts-bio,job,https://app.dealroom.co/companies/frontier_computing
Juno Bio,London,uk,Seed · Jul 2026 · $3.8M,Seed,2026,7,3.8,0,0%,53.07,AAVantgarde Bio UK Ltd,Skilled Worker,False,0.083,http://juno.bio,site,https://app.dealroom.co/companies/juno_bio
Emilia AI,,uk,Seed · Sep 2026 · $1.5M,Seed,2026,9,1.5,0,,70.38,1001 AI Limited,Skilled Worker,False,0.082,https://emiliavision.com,site,https://app.dealroom.co/companies/emilia_ai
Africa Global Trade Finance,London,uk,Series A · Sep 2026 · $7.5M,Series A,2026,9,7.5,0,,21,012 Global Ltd,Skilled Worker,False,0.081,https://www.agtf.group/,site,https://app.dealroom.co/companies/africa_global_trade_finance
Amorphous AI,,uk,Seed · Aug 2026 · $2.2M,Seed,2026,8,2.2,0,,63.03,Abnormal AI UK Ltd,Skilled Worker,False,0.081,https://amorphous.health,site,https://app.dealroom.co/companies/amorphous_ai
Notable Systems,Brighton,uk,Series B · Aug 2026 · $0.0M,Series B,2026,8,0.0,1,-4%,71.85,42Gears Mobility Systems (UK) Ltd,Global Business Mobility: Senior or Specialist Worker,False,0.08,https://www.linkedin.com/jobs/view/4378778296/,job,https://app.dealroom.co/companies/notable_systems
Certain Energy,London,uk,Series A · Aug 2026 · $13.2M,Series A,2026,8,13.2,0,-44%,60.85, Private Energy Partners (UK)  Ltd,Skilled Worker,False,0.078,https://certainenergy.com,site,https://app.dealroom.co/companies/certain_energy
Gaia Learning,Winchester,uk,Pre-Seed · Jul 2026 · $0.5M,Pre-Seed,2026,7,0.53,0,0%,72.12,Abingdon Learning Trust,Skilled Worker,False,0.076,http://gaialearning.co.uk,site,https://app.dealroom.co/companies/gaia_learning
Droplet Scientific,Southampton,uk,Seed · Sep 2026 · $2.0M,Seed,2026,9,1.98,1,,43.48,Applied Scientific Technologies Ltd,Skilled Worker,False,0.074,https://www.linkedin.com/jobs/view/4471688054/,job,https://app.dealroom.co/companies/droplet_scientific
Pure Capture Innovations Ltd,Oxford,uk,Pre-Seed · Sep 2026 · $0.7M,Pre-Seed,2026,9,0.7,0,,66.13, Eleven Hillrise Investments Ltd T/A Chez Lindsay,Skilled Worker,False,0.072,http://purecaptureinnovations.com,site,https://app.dealroom.co/companies/pure_capture_innovations_ltd
Lambda Energy,Cambridge,uk,Other · Sep 2026 · $0.0M,Other,2026,9,0.0,0,0%,70.21, Private Energy Partners (UK)  Ltd,Skilled Worker,False,0.07,http://lambda.energy,site,https://app.dealroom.co/companies/lambda_energy
Flip Therapeutics LTD,London,uk,Pre-Seed · Sep 2026 · $0.7M,Pre-Seed,2026,9,0.66,0,,63.33, CASA BAMBOO LTD T/a Pho Le Vietnamese Restaurant,Skilled Worker,False,0.069,http://fliptx.bio,site,https://app.dealroom.co/companies/flip_therapeutics_ltd
LORILLION,Coventry,uk,Other · Aug 2026 · $0.0M,Other,2026,8,0.0,3,,24.33,PORTILLION SPV1 LTD T/A LOVE HEMP,Skilled Worker,False,0.069,https://hr.breathehr.com/recruitment/vacancies/47005?identifier=lorillion,job,https://app.dealroom.co/companies/lorillion
Vitalis Ortho,London,uk,Seed · Aug 2026 · $1.6M,Seed,2026,8,1.58,0,,55.84,Angel Smile and Ortho Ltd,Skilled Worker,False,0.069,https://www.vitalisortho.com/,site,https://app.dealroom.co/companies/vitalis_ortho
Nightingalehq,Pontypridd,uk,Other · Jul 2026 · $0.0M,Other,2026,7,0.0,0,33%,,Nightingale Care Centre,Skilled Worker,False,0.067,http://nightingalehq.ai,site,https://app.dealroom.co/companies/nightingalehq
HexSeed Technology,Aberdeen,uk,Pre-Seed · Aug 2026 · $0.8M,Pre-Seed,2026,8,0.81,0,,59.72, Rotamat Limited trading as Huber Technology ,Skilled Worker,False,0.066,https://hexseedtechnology.com,site,https://app.dealroom.co/companies/hexseed_technology
Twyne Labs,London,uk,Seed · Aug 2026 · $2.5M,Seed,2026,8,2.5,0,,46.36,Accion Labs (UK) Limited,Global Business Mobility: Senior or Specialist Worker,False,0.066,http://twyne.xyz,site,https://app.dealroom.co/companies/twyne_labs
Solas Compliance,London,uk,Pre-Seed · Jul 2026 · $0.9M,Pre-Seed,2026,7,0.88,1,,42.9,ACA Compliance (Europe) Limited,Global Business Mobility: Senior or Specialist Worker,False,0.065,https://solascompliance.com/jobs/sales-customer-success-manager,job,https://app.dealroom.co/companies/solas_compliance
Anemo Labs,London,uk,Pre-Seed · Sep 2026 · $0.9M,Pre-Seed,2026,9,0.92,0,,56.77,Accion Labs (UK) Limited,Global Business Mobility: Senior or Specialist Worker,False,0.064,https://anemolabs.com,site,https://app.dealroom.co/companies/anemo_labs
The Stoa Corporation Ltd,Milton Keynes,uk,Seed · Jul 2026 · $2.4M,Seed,2026,7,2.38,0,,45.36, Eleven Hillrise Investments Ltd T/A Chez Lindsay,Skilled Worker,False,0.064,https://www.stoa.money,site,https://app.dealroom.co/companies/the_stoa_corporation_ltd
Yes Friends,Bristol,uk,Other · Sep 2026 · $0.0M,Other,2026,9,0.03,0,0%,62.26,Animal Friends Insurance ,Global Business Mobility: Senior or Specialist Worker,False,0.062,https://yesfriends.co,site,https://app.dealroom.co/companies/yes_friends
Hop Financial Solutions,London,uk,Seed · Jul 2026 · $1.1M,Seed,2026,7,1.08,0,-4%,60.75,ACT Financial Solutions B.V.,Skilled Worker,False,0.062,http://moneyhop.co,site,https://app.dealroom.co/companies/hop_financial_solutions
Cascader,London,uk,Seed · Sep 2026 · $0.0M,Seed,2026,9,0.0,0,,61.39,Cascade (Banks House) Limited,Skilled Worker,False,0.061,http://cascader.ai,site,https://app.dealroom.co/companies/cascader
Viridys Bio,,uk,Pre-Seed · Jul 2026 · $0.7M,Pre-Seed,2026,7,0.66,0,,55.34,AAVantgarde Bio UK Ltd,Skilled Worker,False,0.061,https://viridys.bio,site,https://app.dealroom.co/companies/viridys_bio
Streamline Systems,Loughton,uk,Seed · Sep 2026 · $0.1M,Seed,2026,9,0.12,2,,28.5,42Gears Mobility Systems (UK) Ltd,Global Business Mobility: Senior or Specialist Worker,False,0.059,http://streamlinesystems.ltd,site,https://app.dealroom.co/companies/streamline_systems
LightHearted AI,London,uk,Other · Jul 2026 · $0.0M,Other,2026,7,0.0,0,0%,58.38,AI & CO LTD TA Flying Horse Restaurant,Skilled Worker,False,0.058,http://lighthearted.ai,site,https://app.dealroom.co/companies/lighthearted_ai
Project Brazen,London,uk,Seed · Sep 2026 · $2.5M,Seed,2026,9,2.5,0,,36.86,2 Plan Project Management Limited,Skilled Worker,False,0.057,https://projectbrazen.com,site,https://app.dealroom.co/companies/project_brazen
Peak Visibility,Glasgow,uk,Seed · Jul 2026 · $1.3M,Seed,2026,7,1.32,0,,45.24,EJ Peak Technology Solutions Limited,Skilled Worker,False,0.056,https://peakvisibility.com/,site,https://app.dealroom.co/companies/peak_visibility
ThreatSense AI,Luton,uk,Other · Jul 2026 · $0.0M,Other,2026,7,0.0,1,,38.69,AI & CO LTD TA Flying Horse Restaurant,Skilled Worker,False,0.054,https://www.linkedin.com/jobs/view/4452253443/,job,https://app.dealroom.co/companies/threatsense_ai
Sync Savings,London,uk,Seed · Sep 2026 · $0.0M,Seed,2026,9,0.0,0,-6%,65.74,Amanah Energy Savings  ,Skilled Worker,False,0.053,https://sync-savings.com,site,https://app.dealroom.co/companies/sync_savings
Atlas Quant,London,uk,Seed · Aug 2026 · $0.0M,Seed,2026,8,0.0,0,,53.1,Alt Atlas Limited,Skilled Worker,False,0.053,http://atlasquant.io,site,https://app.dealroom.co/companies/atlas_quant
Feisty,London,uk,Seed · Sep 2026 · $0.0M,Seed,2026,9,0.0,0,,52.11,Feist Hedgethorne Limited,Skilled Worker,False,0.052,http://feistydrinks.com,site,https://app.dealroom.co/companies/feisty
HALO X-ray Technologies,Nottingham,uk,Other · Jul 2026 · $0.0M,Other,2026,7,0.0,0,-6%,64.02,4 Net Technologies LTD (t/a FourNet),Skilled Worker,False,0.052,https://www.haloxray.com/,site,https://app.dealroom.co/companies/halo_x_ray_technologies
Revolver Therapeutics,Bath,uk,Pre-Seed · Jul 2026 · $0.8M,Pre-Seed,2026,7,0.76,0,,45.97,Orchard Therapeutics (Europe) Limited,Global Business Mobility: Senior or Specialist Worker,False,0.052,http://revolvertherapeutics.com,site,https://app.dealroom.co/companies/revolver_therapeutics
ClearPath AI,London,uk,Seed · Aug 2026 · $1.3M,Seed,2026,8,1.32,0,,39.95,Abnormal AI UK Ltd,Skilled Worker,False,0.051,https://clearpathgroup.ai,site,https://app.dealroom.co/companies/clearpath_ai_3
Land Digital,Sunderland,uk,Pre-Seed · Sep 2026 · $0.9M,Pre-Seed,2026,9,0.93,0,21%,,542 Digital Limited,Skilled Worker,False,0.05,https://land.digital,site,https://app.dealroom.co/companies/land_digital
Embedd,London,uk,Seed · Aug 2026 · $2.6M,Seed,2026,8,2.64,0,-15%,59.55,Embed Limited,Skilled Worker,False,0.05,https://embedd.it,site,https://app.dealroom.co/companies/embeddit
InTouchNow AI,,uk,Seed · Sep 2026 · $3.0M,Seed,2026,9,3.04,0,,25,AI & CO LTD TA Flying Horse Restaurant,Skilled Worker,False,0.049,https://intouchnow.ai,site,https://app.dealroom.co/companies/intouchnow_ai
Birmingham Brewing Company,Birmingham,uk,Other · Jul 2026 · $0.4M,Other,2026,7,0.41,0,,43.75,Advantage Basements & Cellar Company Limited,Skilled Worker,False,0.047,https://www.birminghambrewingcompany.co.uk/,site,https://app.dealroom.co/companies/birmingham_brewing_company
Aquila Learning,Bloxham,uk,Other · Sep 2026 · $0.0M,Other,2026,9,0.0,0,,44.24,Abingdon Learning Trust,Skilled Worker,False,0.044,https://aquilalearning.com/,site,https://app.dealroom.co/companies/aquila_learning
Tap & Go,Blackpool,uk,Other · Aug 2026 · $0.0M,Other,2026,8,0.0,0,,44.36, BW Refrigeration & Air Conditioning Limited,Skilled Worker,False,0.044,https://tap-and-go.co.uk/,site,https://app.dealroom.co/companies/tap_go
Maiden Cricket,,uk,Other · Aug 2026 · $0.1M,Other,2026,8,0.07,0,,40.39,Abbotskerswell Cricket Club,International Sportsperson,False,0.041,https://maiden-cricket.co.uk/,site,https://app.dealroom.co/companies/maiden_cricket
Fortune Protocol,London,uk,Seed · Aug 2026 · $0.0M,Seed,2026,8,0.0,0,,39.8,Crimson Fortune Feast Ltd T/A JRC Global Buffet,Skilled Worker,False,0.04,https://fortuneprotocol.io/,site,https://app.dealroom.co/companies/fortune_protocol
Singular Machines,Clifton Hampden,uk,Other · Aug 2026 · $0.0M,Other,2026,8,0.0,0,,39.19,Advanced Electric Machines Limited,Skilled Worker,False,0.039,https://singularmachines.co.uk/,site,https://app.dealroom.co/companies/singular_machines
Northern Pasta,Preston,uk,Other · Sep 2026 · $0.1M,Other,2026,9,0.07,1,,22,Aberdeen & Northern Eggs Ltd,Skilled Worker,False,0.038,https://www.northernpasta.co.uk/pages/careers#current-opportunities,job,https://app.dealroom.co/companies/northern_pasta
Darcy,London,uk,Seed · Sep 2026 · $0.0M,Seed,2026,9,0.0,0,,37.92,Darcey Quigley & Co Ltd,Skilled Worker,False,0.038,http://darcyplans.com,site,https://app.dealroom.co/companies/darcy_1
Selkie Hair,,uk,Other · Aug 2026 · $0.1M,Other,2026,8,0.05,0,0%,37.86,A-T Hair Nail & Beauty Limited Liability Partnership,Skilled Worker,False,0.038,https://selkiehaircare.com,site,https://app.dealroom.co/companies/selkie_hair
Monorale AI,London,uk,Pre-Seed · Jul 2026 · $0.3M,Pre-Seed,2026,7,0.33,0,,31.29,Abnormal AI UK Ltd,Skilled Worker,False,0.034,https://www.mnrl.app/,site,https://app.dealroom.co/companies/monorale_ai
Branded Fashion,London,uk,Other · Sep 2026 · $4.2M,Other,2026,9,4.18,0,0%,,"AB, KB & CB Patel T/a Top Fashion & Apsara",Skilled Worker,False,0.033,http://www.branded-fashion.com,site,https://app.dealroom.co/companies/branded_fashion
Paralo,London,uk,Pre-Seed · Aug 2026 · $0.4M,Pre-Seed,2026,8,0.36,0,,28.94,Paralaw (UK) Limited,Skilled Worker,False,0.032,https://getparalo.com,site,https://app.dealroom.co/companies/paralo_1
Guru AI,London,uk,Other · Aug 2026 · $0.0M,Other,2026,8,0.0,0,,32.19,1001 AI Limited,Skilled Worker,False,0.032,https://www.guru-ai.io,site,https://app.dealroom.co/companies/guru_ai
MASAJ,London,uk,Other · Jul 2026 · $2.0M,Other,2026,7,1.98,1,,,MASA Express Ltd,Skilled Worker,False,0.031,https://www.linkedin.com/jobs/view/4444947858/,job,https://app.dealroom.co/companies/masaj
Fig Group,London,uk,Pre-Seed · Jul 2026 · $0.7M,Pre-Seed,2026,7,0.73,0,,22.33,10 Group Limited,Skilled Worker,False,0.028,http://figgroup.co.uk,site,https://app.dealroom.co/companies/fig_group
Acyclic Labs,Birmingham,uk,Seed · Sep 2026 · $0.1M,Seed,2026,9,0.13,0,,22.95,Accion Labs (UK) Limited,Global Business Mobility: Senior or Specialist Worker,False,0.024,http://acyclic.dev,site,https://app.dealroom.co/companies/acyclic_labs_1
Pretty Cool Games,Leeds,uk,Other · Aug 2026 · $0.0M,Other,2026,8,0.0,0,,24.28,2023 Cool Foods Ltd T/A Oishii Sushi,Skilled Worker,False,0.024,https://www.prettycoolgames.co.uk/,site,https://app.dealroom.co/companies/pretty_cool_games
ENV Energy,Coventry,uk,Other · Aug 2026 · $0.0M,Other,2026,8,0.0,0,,23.95, Private Energy Partners (UK)  Ltd,Skilled Worker,False,0.024,https://env.energy,site,https://app.dealroom.co/companies/env_energy
ADA Underwriters,London,uk,Other · Jul 2026 · $0.0M,Other,2026,7,0.0,0,,24,ADA BUSINESS CONSULTANCY LTD,Skilled Worker,False,0.024,https://ada-uw.com/,site,https://app.dealroom.co/companies/ada_underwriters
Brady Solicitors,Nottingham,uk,Growth · Jul 2026 · $0.0M,Growth,2026,7,0.0,0,,24,A.Vincent Solicitors Limited,Skilled Worker,False,0.024,http://bradysolicitors.com,site,https://app.dealroom.co/companies/brady_solicitors
Black Tartan,Aberdeen,uk,Other · Aug 2026 · $0.0M,Other,2026,8,0.0,0,,23,BB Black Pearl Ltd T/A Haute Dolci Blackburn,Skilled Worker,False,0.023,https://blacktartan.com,site,https://app.dealroom.co/companies/black_tartan
Hamnashida Games | Fingagolf,Banbury,uk,Other · Sep 2026 · $0.0M,Other,2026,9,0.04,0,,21,505 Games Limited,Skilled Worker,False,0.021,https://hamnashidagames.com,site,https://app.dealroom.co/companies/hamnashida_games_fingagolf
kWh Coffee,York,uk,Seed · Sep 2026 · $0.0M,Seed,2026,9,0.0,0,,20.33,2 Love Coffee Shop LTD ,Skilled Worker,False,0.02,http://kwhcoffee.com,site,https://app.dealroom.co/companies/kwh_coffee
Embedd,London,uk,Seed · Aug 2026 · $2.5M,Seed,2026,8,2.54,0,,,Embed Limited,Skilled Worker,False,0.02,http://embedd.io,site,https://app.dealroom.co/companies/embedd
Cut Print Solutions,Jarrow,uk,Growth · Aug 2026 · $0.0M,Growth,2026,8,0.0,0,,19.33,16 Plus Care Support Solutions Ltd,Skilled Worker,False,0.019,https://cutprintsolutions.co.uk/,site,https://app.dealroom.co/companies/cut_print_solutions
Talking Medicines,Glasgow,uk,Seed · Jul 2026 · $0.1M,Seed,2026,7,0.15,0,-21%,58.82,Care+ Medicines Limited T/ A Wilmslow Road Pharmacy - Chemists & Health Clinic,Skilled Worker,False,0.019,http://talkingmedicines.com,site,https://app.dealroom.co/companies/talking_medicines
Business Modelling Applications,Leeds,uk,Growth · Jul 2026 · $0.0M,Growth,2026,7,0.0,1,,,365 Business Finance,Skilled Worker,False,0.015,https://www.linkedin.com/jobs/view/4451080170/,job,https://app.dealroom.co/companies/business_modelling_applications
Optimly,London,uk,Seed · Jul 2026 · $0.8M,Seed,2026,7,0.8,0,,,Optiml London UK Limited,Skilled Worker,False,0.006,http://optimly.co.uk,site,https://app.dealroom.co/companies/optimly
Continulus,Glasgow,uk,Pre-Seed · Sep 2026 · $0.7M,Pre-Seed,2026,9,0.66,0,0%,,Continuous Group Limited,Skilled Worker,False,0.005,https://www.continulus.com/,site,https://app.dealroom.co/companies/continulus
Visaible,,uk,Seed · Aug 2026 · $0.7M,Seed,2026,8,0.65,0,,,Visible Alpha Limited,Global Business Mobility: Senior or Specialist Worker,False,0.005,https://www.visaible.co.uk/,site,https://app.dealroom.co/companies/visaible
UK Payments Initiative,London,uk,Other · Jul 2026 · $0.0M,Other,2026,7,0.0,0,,, Lemas Real Estate UK Ltd 15362523,Global Business Mobility: UK Expansion Worker,False,0.0,https://app.dealroom.co/companies/uk_payments_initiative,dealroom,https://app.dealroom.co/companies/uk_payments_initiative
Dragonfly Advanced Materials,Prudhoe,uk,Seed · Sep 2026 · $0.7M,Seed,2026,9,0.66,1,-33%,43.41,Advanced Accelerator Applications (UK & Ireland) Limited,Skilled Worker,False,-0.003,https://www.linkedin.com/jobs/view/4437797959/,job,https://app.dealroom.co/companies/dragonfly_advanced_materials
ConneXXion Markets,London,uk,Other · Aug 2026 · $0.0M,Other,2026,8,0.0,0,-20%,30.94,Advanced Markets (UK) Limited,Skilled Worker,False,-0.009,https://licuido.io,site,https://app.dealroom.co/companies/connexxion_markets
Crowwd,London,uk,Pre-Seed · Sep 2026 · $0.3M,Pre-Seed,2026,9,0.34,0,-41%,54.13,Crowd Data Systems Limited,Skilled Worker,False,-0.025,https://www.crowwd.io/,site,https://app.dealroom.co/companies/crowwd
