company,hq_city,scope,round_label,std_round,year,month,amount_m,open_roles,growth_1y,signal,sponsor,sponsor_route,verified,score,dealroom_url
Metaview,London,london,Series C · Oct 2026 · $58.4M,Series C,2026,10,58.41,27,70%,93.37,Metaview Global Ltd,Skilled Worker,True,0.933,https://app.dealroom.co/companies/metaview_1
Fractile,London,london,Series C · Aug 2026 · $600.0M,Series C,2026,8,600.0,15,118%,94.97,Fractile Ltd,Skilled Worker,True,0.92,https://app.dealroom.co/companies/fractile
Jack & Jill,London,london,Series A · Sep 2026 · $40.0M,Series A,2026,9,40.0,39,88%,94.24,Jack and Jills Day Nursery,Skilled Worker,True,0.891,https://app.dealroom.co/companies/jack_and_jill
FNZ,London,london,Growth · Sep 2026 · $450.0M,Growth,2026,9,450.0,42,5%,83.9,FNZ (UK) Limited,Skilled Worker,True,0.794,https://app.dealroom.co/companies/fnz
Volta,London,london,Series A · Aug 2026 · $225.0M,Series A,2026,8,225.0,49,,59.98,Black Volta Ventures (UK) Limited,Skilled Worker,True,0.76,https://app.dealroom.co/companies/volta_11
Basecamp Research,London,london,Series C · Sep 2026 · $140.0M,Series C,2026,9,140.0,9,26%,89.57,Basecamp Research,Skilled Worker,True,0.677,https://app.dealroom.co/companies/basecamp_research
Callosum,London,london,Seed · Aug 2026 · $100.0M,Seed,2026,8,100.0,9,,92.81,Callosum Ltd,Skilled Worker,True,0.628,https://app.dealroom.co/companies/callosum_1
Magentic,London,london,Series A · Sep 2026 · $18.0M,Series A,2026,9,18.0,10,182%,89.7,Magentic Labs Limited,Skilled Worker,True,0.584,https://app.dealroom.co/companies/magentic
Stability AI,London,london,Series B · Aug 2026 · $76.0M,Series B,2026,8,76.0,1,1%,76.27,Stability AI Ltd,Skilled Worker,True,0.493,https://app.dealroom.co/companies/stability_ai
Uforce,London,london,Series A · Sep 2026 · $500.0M,Series A,2026,9,500.0,0,,90.64,Kounnis Insuforce Limited,Skilled Worker,True,0.491,https://app.dealroom.co/companies/uforce
10x Banking,London,london,Series E · Aug 2026 · $52.8M,Series E,2026,8,52.8,0,-6%,68.49,10X Banking Technology Services Ltd,Skilled Worker,True,0.457,https://app.dealroom.co/companies/10x_future_technologies
Mindgard,London,london,Series A · Aug 2026 · $30.0M,Series A,2026,8,30.0,2,44%,92.39,MINDGARD LTD,Skilled Worker,True,0.45,https://app.dealroom.co/companies/mindgard
Uncapped,London,london,Series C · Aug 2026 · $9.4M,Series C,2026,8,9.37,19,1%,79.62,UNCAPPED LTD,Skilled Worker,True,0.442,https://app.dealroom.co/companies/uncapped
FintechOS,London,london,Series E · Sep 2026 · $28.0M,Series E,2026,9,28.0,10,-4%,68.03,FINTECHOS TECHNOLOGY UK LTD,Skilled Worker,True,0.434,https://app.dealroom.co/companies/fintechos
Azoma,London,london,Other · Sep 2026 · $0.0M,Other,2026,9,0.0,5,105%,86.22,Azoma Inc,Skilled Worker,True,0.361,https://app.dealroom.co/companies/azoma_1
Prevalent,London,london,Series A · Aug 2026 · $22.0M,Series A,2026,8,22.0,4,19%,83.68,Prevalent AI Limited,Global Business Mobility: Senior or Specialist Worker,True,0.358,https://app.dealroom.co/companies/prevalent
HelmGuard,London,london,Seed · Sep 2026 · $7.3M,Seed,2026,9,7.3,0,175%,51.54,HELMGUARD TECHNOLOGIES UK LIMITED,Skilled Worker,True,0.31,https://app.dealroom.co/companies/helmguard
Finster AI,London,london,Series A · Aug 2026 · $0.0M,Series A,2026,8,0.0,0,96%,90.68,"Finster AI, UK",Skilled Worker,True,0.283,https://app.dealroom.co/companies/finster_ai
Mantic,London,london,Seed · Sep 2026 · $25.0M,Seed,2026,9,25.0,0,,76.43,Mantic Technologies Limited,Skilled Worker,True,0.276,https://app.dealroom.co/companies/mantic
Benford,London,london,Seed · Sep 2026 · $5.5M,Seed,2026,9,5.5,12,,47.58,BENFORD TECHNOLOGIES LIMITED,Skilled Worker,True,0.272,https://app.dealroom.co/companies/benford
CloudNC,London,london,Series C · Sep 2026 · $20.0M,Series C,2026,9,20.0,3,-4%,70.93,CloudNC Ltd,Skilled Worker,True,0.267,https://app.dealroom.co/companies/cloudnc_1
Medly AI,London,london,Series A · Aug 2026 · $8.0M,Series A,2026,8,8.0,8,0%,59.76,Medly AI Limited,Skilled Worker,True,0.244,https://app.dealroom.co/companies/medly_ai
Alfa,London,london,Seed · Aug 2026 · $1.3M,Seed,2026,8,1.32,5,33%,76.09,Alfa Autos Ltd,Skilled Worker,True,0.228,https://app.dealroom.co/companies/welovealfa
Alfa,London,london,Seed · Aug 2026 · $1.3M,Seed,2026,8,1.32,5,33%,76.09,Alfa Autos Ltd,Skilled Worker,True,0.228,https://app.dealroom.co/companies/welovealfa
Unit 1 Studio,London,london,Series A · Sep 2026 · $19.8M,Series A,2026,9,19.8,0,,50.64,Central Office Unit 17,Skilled Worker,True,0.209,https://app.dealroom.co/companies/unit_1_studio
Velocity,London,london,Series A · Sep 2026 · $10.0M,Series A,2026,9,10.0,3,,80.77,Velocity Technology Limited,Skilled Worker,True,0.206,https://app.dealroom.co/companies/velocit21
Quartz,London,london,Seed · Sep 2026 · $3.6M,Seed,2026,9,3.63,4,20%,74.68,Classic Quartz Stone Ltd,Skilled Worker,True,0.204,https://app.dealroom.co/companies/quartz_6
Triver,London,london,Series B · Sep 2026 · $10.6M,Series B,2026,9,10.56,1,7%,87.7,Triver Ltd,Skilled Worker,True,0.201,https://app.dealroom.co/companies/triver
Metris energy,London,london,Seed · Sep 2026 · $5.0M,Seed,2026,9,5.0,0,36%,83.56,Metris Energy Ltd,Skilled Worker,True,0.195,https://app.dealroom.co/companies/metris_energy
Ponda,London,london,Other · Aug 2026 · $1.9M,Other,2026,8,1.85,1,40%,82.59,Angus Pond Architects Ltd,Skilled Worker,True,0.192,https://app.dealroom.co/companies/ponda
TRIP,London,london,Growth · Sep 2026 · $0.0M,Growth,2026,9,0.0,3,23%,91.76,TRIP LIMITED,Skilled Worker,True,0.184,https://app.dealroom.co/companies/trip
StandardX,London,london,Seed · Sep 2026 · $13.2M,Seed,2026,9,13.2,3,,22,StandardX,Skilled Worker,True,0.173,https://app.dealroom.co/companies/standardx
DIADEM,London,london,Growth · Aug 2026 · $0.0M,Growth,2026,8,0.0,0,43%,83.26,DIADEMS DAY NURSERY,Skilled Worker,True,0.169,https://app.dealroom.co/companies/diadem_dx
Zeal,London,london,Series A · Sep 2026 · $10.0M,Series A,2026,9,10.0,0,2%,78.59,Air New Zealand Limited,Skilled Worker,True,0.163,https://app.dealroom.co/companies/zeal_2
Frontier Computing,London,london,Seed · Sep 2026 · $10.0M,Seed,2026,9,10.0,2,,53.03,Blue Frontier IT Ltd,Skilled Worker,True,0.163,https://app.dealroom.co/companies/frontier_computing
Platter,London,london,Seed · Aug 2026 · $0.0M,Seed,2026,8,0.0,1,40%,62.09,Copper Platter Limited T/A Hitchki,Skilled Worker,True,0.157,https://app.dealroom.co/companies/weareplatter
Orchestra,London,london,Seed · Sep 2026 · $3.3M,Seed,2026,9,3.3,0,24%,81.83,Orchestra Technologies Limited,Skilled Worker,True,0.155,https://app.dealroom.co/companies/orchestra_3
Healthxchange Group,London,london,Growth · Sep 2026 · $0.0M,Growth,2026,9,0.0,10,,,Healthxchange Pharmacy UK Limited,Skilled Worker,True,0.15,https://app.dealroom.co/companies/healthxchange_group
Rightcharge,London,london,Seed · Sep 2026 · $0.7M,Seed,2026,9,0.66,1,19%,76.4,Rightcharge Limited ,Skilled Worker,True,0.134,https://app.dealroom.co/companies/rightcharge
Souk,London,london,Seed · Sep 2026 · $1.6M,Seed,2026,9,1.6,2,,71.29,Souk & Savour Ltd T/A Rahmath,Skilled Worker,True,0.114,https://app.dealroom.co/companies/souk_
Occam,London,london,Series A · Sep 2026 · $4.2M,Series A,2026,9,4.18,0,,79.22,Occam Biosciences Limited,Skilled Worker,True,0.113,https://app.dealroom.co/companies/occam1
Codio,London,london,Seed · Aug 2026 · $5.0M,Seed,2026,8,5.0,0,0%,73.24,Codio Ltd,Skilled Worker,True,0.113,https://app.dealroom.co/companies/codio
Alfred,London,london,Seed · Aug 2026 · $6.6M,Seed,2026,8,6.6,0,,51.89,Alfred and Victoria Ltd,Skilled Worker,True,0.105,https://app.dealroom.co/companies/alfred_17
Advancing Analytics,London,london,Growth · Aug 2026 · $0.0M,Growth,2026,8,0.0,3,,45.69,Advancing Analytics Ltd,Skilled Worker,True,0.091,https://app.dealroom.co/companies/advancing_analytics
ZILO,London,london,Other · Aug 2026 · $0.0M,Other,2026,8,0.0,1,-1%,76.53,ZILO Technology Limited,Skilled Worker,True,0.089,https://app.dealroom.co/companies/zilo
Charter Space,London,london,Seed · Sep 2026 · $5.0M,Seed,2026,9,5.0,0,,45.53,Air Charter Service Plc,Global Business Mobility: Senior or Specialist Worker,True,0.086,https://app.dealroom.co/companies/charter_space_1
Sorted,London,london,Seed · Aug 2026 · $1.2M,Seed,2026,8,1.21,0,0%,71.22,Payroll Sorted Ltd,Skilled Worker,True,0.081,https://app.dealroom.co/companies/sorted_3
Wematch,London,london,Growth · Sep 2026 · $0.0M,Growth,2026,9,0.0,2,-6%,62.2,Wematch.Live FS Ltd,Skilled Worker,True,0.08,https://app.dealroom.co/companies/wematch_live
visible,London,london,Pre-Seed · Aug 2026 · $0.7M,Pre-Seed,2026,8,0.65,0,0%,51.86,BUILTVISIBLE LIMITED,Skilled Worker,True,0.057,https://app.dealroom.co/companies/visible_cx
Applied Agi,London,london,Seed · Sep 2026 · $4.0M,Seed,2026,9,3.96,0,,22,Applied AGI Limited,Skilled Worker,True,0.054,https://app.dealroom.co/companies/applied_agi
Eterna Regeneratives,London,london,Seed · Sep 2026 · $4.0M,Seed,2026,9,4.0,0,,22.33,Regen,Skilled Worker,True,0.054,https://app.dealroom.co/companies/eterna_regeneratives
Embedd,London,london,Seed · Aug 2026 · $2.6M,Seed,2026,8,2.64,0,-15%,59.55,Nadeem Bedding Limited,Skilled Worker,True,0.05,https://app.dealroom.co/companies/embeddit
Reimagine Robotics,London,london,Seed · Aug 2026 · $0.0M,Seed,2026,8,0.0,0,,45.95,Reimagine Robotics Limited,Skilled Worker,True,0.046,https://app.dealroom.co/companies/reimagine_robotics
Guru AI,London,london,Other · Aug 2026 · $0.0M,Other,2026,8,0.0,0,,32.19,Siguru AI,Skilled Worker,True,0.032,https://app.dealroom.co/companies/guru_ai
Nanomerics,London,london,Series A · Sep 2026 · $0.0M,Series A,2026,9,0.0,0,0%,28.33,Nanomerics Ltd,Skilled Worker,True,0.028,https://app.dealroom.co/companies/nanomerics
Embedd,London,london,Seed · Aug 2026 · $2.5M,Seed,2026,8,2.54,0,,,Nadeem Bedding Limited,Skilled Worker,True,0.02,https://app.dealroom.co/companies/embedd
EcoNomad Solutions,London,london,Pre-Seed · Aug 2026 · $0.5M,Pre-Seed,2026,8,0.53,0,-17%,48.11,ECONOMAD SOLUTIONS LTD.,Skilled Worker,True,0.019,https://app.dealroom.co/companies/economad_solutions
LATO,London,london,Seed · Sep 2026 · $0.1M,Seed,2026,9,0.12,0,,,ANITA GELATO LONDON LTD,Skilled Worker,True,0.001,https://app.dealroom.co/companies/lato_2
Shift Partner Ltd,London,london,Other · Aug 2026 · $0.0M,Other,2026,8,0.0,0,0%,,Shift Partner Limited,Skilled Worker,True,0.0,https://app.dealroom.co/companies/shift_partner_ltd
ElevenLabs,London,london,Series E · Sep 2026 · $500.0M,Series E,2026,9,500.0,186,83%,96.95,Eleven Labs Ltd,Skilled Worker,False,0.963,https://app.dealroom.co/companies/elevenlabs_1
Flow Engineering,London,london,Series B · Sep 2026 · $50.0M,Series B,2026,9,50.0,22,71%,89.78,24 Seven Civil Engineering Ltd,Skilled Worker,False,0.933,https://app.dealroom.co/companies/flow_engineering
ARC Ride,London,london,Series A · Sep 2026 · $33.3M,Series A,2026,9,33.3,0,84%,88.67,ARC & SONS HOLDINGS LIMITED,Skilled Worker,False,0.522,https://app.dealroom.co/companies/arc_ride
CellPoint Digital,London,london,Growth · Sep 2026 · $34.0M,Growth,2026,9,34.0,11,2%,72.7,A J Digital Management Ltd,Skilled Worker,False,0.513,https://app.dealroom.co/companies/cellpoint_digital
GALLOS Technologies,London,london,Other · Aug 2026 · $50.0M,Other,2026,8,50.0,0,-12%,66.17,4 Net Technologies LTD (t/a FourNet),Skilled Worker,False,0.443,https://app.dealroom.co/companies/gallos_technologies
Sprive,London,london,Series A · Sep 2026 · $10.2M,Series A,2026,9,10.16,1,60%,88.83,Sriven Solutions Limited,Skilled Worker,False,0.305,https://app.dealroom.co/companies/sprive
Something & Nothing,London,london,Seed · Sep 2026 · $6.4M,Seed,2026,9,6.4,5,15%,81.84, BW Refrigeration & Air Conditioning Limited,Skilled Worker,False,0.239,https://app.dealroom.co/companies/something_nothing
JammJar,London,london,Seed · Sep 2026 · $0.0M,Seed,2026,9,0.0,0,80%,72.14,JamJar Management LLP,Skilled Worker,False,0.232,https://app.dealroom.co/companies/jammjar
BOLDR,London,london,Seed · Aug 2026 · $5.0M,Seed,2026,8,5.0,1,9%,91.98,BODRIGGY PHARMACY LTD,Skilled Worker,False,0.166,https://app.dealroom.co/companies/boldr_2
State of Play Hospitality,London,london,Growth · Aug 2026 · $10.0M,Growth,2026,8,10.0,1,-3%,65.35, HAH Hospitality Limited t/a Indian Affair Ancoats,Skilled Worker,False,0.154,https://app.dealroom.co/companies/state_of_play_hospitality
Tenora,London,london,Series A · Sep 2026 · $9.9M,Series A,2026,9,9.9,0,,69.88,Tenor Tech Limited,Skilled Worker,False,0.149,https://app.dealroom.co/companies/tenora
Evorra,London,london,Seed · Aug 2026 · $3.2M,Seed,2026,8,3.2,0,13%,77.21,Evorange Limited,Skilled Worker,False,0.129,https://app.dealroom.co/companies/evorra
Mozilla Data Collective,London,london,Seed · Sep 2026 · $5.0M,Seed,2026,9,5.0,0,,85.06,Automatic Data Processing (ADP) Limited,Skilled Worker,False,0.125,https://app.dealroom.co/companies/mozilla_data_collective
AI Score,London,london,Seed · Sep 2026 · $5.4M,Seed,2026,9,5.4,0,,77.14,1001 AI Limited,Skilled Worker,False,0.12,https://app.dealroom.co/companies/ai_score
AcademyAI,London,london,Seed · Sep 2026 · $2.2M,Seed,2026,9,2.18,0,,91.92,Adams Academy Inc Ltd,Skilled Worker,False,0.109,https://app.dealroom.co/companies/academyai
Resolutiion,London,london,Seed · Sep 2026 · $10.0M,Seed,2026,9,10.0,0,,22,Resolution Care Services Ltd,Skilled Worker,False,0.102,https://app.dealroom.co/companies/resolutiion
Kestrl,London,london,Other · Aug 2026 · $0.0M,Other,2026,8,0.0,0,10%,78.15,Kestrel Grove Limited,Skilled Worker,False,0.099,https://app.dealroom.co/companies/kestrl
London Quantum Group,London,london,Seed · Sep 2026 · $1.2M,Seed,2026,9,1.2,3,,43.48,(A1F1 Limited T/A ) Ultrasound Direct London,Skilled Worker,False,0.098,https://app.dealroom.co/companies/london_quantum_group
Metal Morph,London,london,Pre-Seed · Aug 2026 · $0.9M,Pre-Seed,2026,8,0.92,0,,89.99,3G Metal Fabrications Limited,Skilled Worker,False,0.097,https://app.dealroom.co/companies/metal_morph
MCatalysis,London,london,Seed · Sep 2026 · $5.0M,Seed,2026,9,5.0,0,,55.53,Catalysis Communications Ltd,Skilled Worker,False,0.096,https://app.dealroom.co/companies/mcatalysis
Side Kicks,London,london,Seed · Aug 2026 · $5.3M,Seed,2026,8,5.28,0,,48.58,At Your Side Care Ltd t/a GoodOaks Homecare - Bedford,Skilled Worker,False,0.091,https://app.dealroom.co/companies/side_kicks
Africa Global Trade Finance,London,london,Series A · Sep 2026 · $7.5M,Series A,2026,9,7.5,0,,21,012 Global Ltd,Skilled Worker,False,0.081,https://app.dealroom.co/companies/africa_global_trade_finance
Certain Energy,London,london,Series A · Aug 2026 · $13.2M,Series A,2026,8,13.2,0,-44%,60.85, Private Energy Partners (UK)  Ltd,Skilled Worker,False,0.078,https://app.dealroom.co/companies/certain_energy
Flip Therapeutics LTD,London,london,Pre-Seed · Sep 2026 · $0.7M,Pre-Seed,2026,9,0.66,0,,63.33, CASA BAMBOO LTD T/a Pho Le Vietnamese Restaurant,Skilled Worker,False,0.069,https://app.dealroom.co/companies/flip_therapeutics_ltd
Vitalis Ortho,London,london,Seed · Aug 2026 · $1.6M,Seed,2026,8,1.58,0,,55.84,Angel Smile and Ortho Ltd,Skilled Worker,False,0.069,https://app.dealroom.co/companies/vitalis_ortho
Twyne Labs,London,london,Seed · Aug 2026 · $2.5M,Seed,2026,8,2.5,0,,46.36,Accion Labs (UK) Limited,Global Business Mobility: Senior or Specialist Worker,False,0.066,https://app.dealroom.co/companies/twyne_labs
Anemo Labs,London,london,Pre-Seed · Sep 2026 · $0.9M,Pre-Seed,2026,9,0.92,0,,56.77,Accion Labs (UK) Limited,Global Business Mobility: Senior or Specialist Worker,False,0.064,https://app.dealroom.co/companies/anemo_labs
Cascader,London,london,Seed · Sep 2026 · $0.0M,Seed,2026,9,0.0,0,,61.39,Cascade (Banks House) Limited,Skilled Worker,False,0.061,https://app.dealroom.co/companies/cascader
Project Brazen,London,london,Seed · Sep 2026 · $2.5M,Seed,2026,9,2.5,0,,36.86,2 Plan Project Management Limited,Skilled Worker,False,0.057,https://app.dealroom.co/companies/project_brazen
Sync Savings,London,london,Seed · Sep 2026 · $0.0M,Seed,2026,9,0.0,0,-6%,65.74,Amanah Energy Savings  ,Skilled Worker,False,0.053,https://app.dealroom.co/companies/sync_savings
Atlas Quant,London,london,Seed · Aug 2026 · $0.0M,Seed,2026,8,0.0,0,,53.1,Alt Atlas Limited,Skilled Worker,False,0.053,https://app.dealroom.co/companies/atlas_quant
Feisty,London,london,Seed · Sep 2026 · $0.0M,Seed,2026,9,0.0,0,,52.11,Feist Hedgethorne Limited,Skilled Worker,False,0.052,https://app.dealroom.co/companies/feisty
ClearPath AI,London,london,Seed · Aug 2026 · $1.3M,Seed,2026,8,1.32,0,,39.95,Abnormal AI UK Ltd,Skilled Worker,False,0.051,https://app.dealroom.co/companies/clearpath_ai_3
Fortune Protocol,London,london,Seed · Aug 2026 · $0.0M,Seed,2026,8,0.0,0,,39.8,Crimson Fortune Feast Ltd T/A JRC Global Buffet,Skilled Worker,False,0.04,https://app.dealroom.co/companies/fortune_protocol
Darcy,London,london,Seed · Sep 2026 · $0.0M,Seed,2026,9,0.0,0,,37.92,Darcey Quigley & Co Ltd,Skilled Worker,False,0.038,https://app.dealroom.co/companies/darcy_1
Branded Fashion,London,london,Other · Sep 2026 · $4.2M,Other,2026,9,4.18,0,0%,,"AB, KB & CB Patel T/a Top Fashion & Apsara",Skilled Worker,False,0.033,https://app.dealroom.co/companies/branded_fashion
Paralo,London,london,Pre-Seed · Aug 2026 · $0.4M,Pre-Seed,2026,8,0.36,0,,28.94,Paralaw (UK) Limited,Skilled Worker,False,0.032,https://app.dealroom.co/companies/paralo_1
ConneXXion Markets,London,london,Other · Aug 2026 · $0.0M,Other,2026,8,0.0,0,-20%,30.94,Advanced Markets (UK) Limited,Skilled Worker,False,-0.009,https://app.dealroom.co/companies/connexxion_markets
Crowwd,London,london,Pre-Seed · Sep 2026 · $0.3M,Pre-Seed,2026,9,0.34,0,-41%,54.13,Crowd Data Systems Limited,Skilled Worker,False,-0.025,https://app.dealroom.co/companies/crowwd
